date,<OPEN>,<HIGH>,<LOW>,<CLOSE>,<VOL>,year,month,day
2015-01-02,58.02,58.54,55.48,56.51,107874,2015,1,2
2015-01-04,56.25,56.3,55.74,55.8,532,2015,1,4
2015-01-05,55.77,56.14,52.66,53.15,169531,2015,1,5
2015-01-06,53.2,53.6,50.52,50.9,201593,2015,1,6
2015-01-07,51.14,51.84,49.66,51.02,185120,2015,1,7
2015-01-08,51.06,51.91,49.81,51.05,157255,2015,1,8
2015-01-09,51.25,51.44,48.9,49.95,126043,2015,1,9
2015-01-11,49.93,49.98,49.36,49.38,650,2015,1,11
2015-01-12,49.41,49.58,47.16,47.2,140690,2015,1,12
2015-01-13,47.05,47.29,45.19,46.79,106710,2015,1,13
2015-01-14,46.84,49.21,45.59,48.61,48380,2015,1,14
2015-01-15,48.68,50.62,47.0,48.36,6549,2015,1,15
2015-01-16,48.25,50.41,48.07,49.9,198321,2015,1,16
2015-01-18,50.1,50.35,49.86,49.91,359,2015,1,18
2015-01-19,49.92,50.34,48.68,48.85,68313,2015,1,19
2015-01-20,48.91,49.48,47.78,48.17,175030,2015,1,20
2015-01-21,48.3,49.59,48.21,48.75,188872,2015,1,21
2015-01-22,48.6,50.45,48.02,49.0,214697,2015,1,22
2015-01-23,49.11,49.8,48.55,48.55,150208,2015,1,23
2015-01-25,48.56,48.58,47.85,47.97,1449,2015,1,25
2015-01-26,47.9,49.29,47.57,48.11,150765,2015,1,26
2015-01-27,48.25,49.99,47.68,49.26,164211,2015,1,27
2015-01-28,49.1,49.72,48.29,48.65,139893,2015,1,28
2015-01-29,48.69,49.25,48.37,49.05,126508,2015,1,29
2015-01-30,49.15,53.08,48.76,52.95,241857,2015,1,30
2015-02-01,52.6,52.68,51.5,52.1,668,2015,2,1
2015-02-02,52.1,55.62,51.41,54.85,259227,2015,2,2
2015-02-03,55.0,60.08,54.84,58.02,89994,2015,2,3
2015-02-04,59.1,59.11,54.54,55.47,82704,2015,2,4
2015-02-05,55.85,58.78,54.06,57.87,109455,2015,2,5
2015-02-06,57.67,59.9,57.67,59.09,79280,2015,2,6
2015-02-08,57.93,59.06,57.9,58.6,1010,2015,2,8
2015-02-09,58.56,60.59,57.98,58.83,105882,2015,2,9
2015-02-10,58.87,59.62,57.19,57.97,132258,2015,2,10
2015-02-11,58.15,58.15,55.16,56.3,185626,2015,2,11
2015-02-12,56.33,59.91,56.07,59.24,216467,2015,2,12
2015-02-13,59.27,61.77,59.08,61.41,185575,2015,2,13
2015-02-15,61.49,62.32,61.49,62.03,698,2015,2,15
2015-02-16,62.03,62.57,60.71,61.6,70978,2015,2,16
2015-02-17,61.68,63.0,60.27,62.29,167588,2015,2,17
2015-02-18,62.3,62.46,59.25,59.46,139605,2015,2,18
2015-02-19,59.54,60.99,57.8,60.21,188491,2015,2,19
2015-02-20,60.2,61.15,59.82,60.1,113940,2015,2,20
2015-02-22,60.04,60.04,59.74,59.89,352,2015,2,22
2015-02-23,59.91,60.67,58.37,59.0,192314,2015,2,23
2015-02-24,59.09,60.29,58.1,58.75,163766,2015,2,24
2015-02-25,58.75,62.2,58.41,61.91,169462,2015,2,25
2015-02-26,61.85,62.63,59.66,60.52,188749,2015,2,26
2015-02-27,60.75,62.83,60.51,62.48,150323,2015,2,27
2015-03-01,62.83,62.95,62.54,62.89,41,2015,3,1
2015-03-02,62.83,62.96,60.04,60.67,45516,2015,3,2
2015-03-03,60.64,62.52,60.47,61.75,46776,2015,3,3
2015-03-04,61.54,61.69,60.24,61.12,34378,2015,3,4
2015-03-05,61.19,62.1,60.58,61.13,36029,2015,3,5
2015-03-06,61.19,61.75,59.67,60.26,44012,2015,3,6
2015-03-08,60.05,60.13,59.68,59.75,153,2015,3,8
2015-03-09,59.76,60.5,58.95,59.11,58942,2015,3,9
2015-03-10,58.95,59.26,56.62,56.91,79311,2015,3,10
2015-03-11,56.93,58.25,56.35,58.22,93513,2015,3,11
2015-03-12,58.23,59.15,56.75,57.18,109389,2015,3,12
2015-03-13,57.25,57.6,54.75,54.89,124306,2015,3,13
2015-03-15,54.66,54.84,53.64,53.99,1461,2015,3,15
2015-03-16,53.99,55.01,52.65,54.15,158183,2015,3,16
2015-03-17,54.1,54.38,52.57,53.3,132840,2015,3,17
2015-03-18,53.28,56.84,52.68,56.27,185587,2015,3,18
2015-03-19,56.18,56.2,53.91,54.46,139341,2015,3,19
2015-03-20,54.46,55.67,53.55,55.22,125736,2015,3,20
2015-03-22,55.24,55.29,54.65,54.7,187,2015,3,22
2015-03-23,54.72,56.19,54.12,55.89,148694,2015,3,23
2015-03-24,55.83,56.79,54.85,55.31,160607,2015,3,24
2015-03-25,55.09,57.17,54.7,56.38,163845,2015,3,25
2015-03-26,56.35,59.78,56.3,58.86,207161,2015,3,26
2015-03-27,58.97,59.04,55.95,56.12,138166,2015,3,27
2015-03-29,55.96,56.22,55.57,55.94,750,2015,3,29
2015-03-30,55.94,56.65,55.2,56.56,134865,2015,3,30
2015-03-31,56.31,56.33,54.72,55.1,190662,2015,3,31
2015-04-01,55.17,57.69,54.7,56.67,164197,2015,4,1
2015-04-02,56.72,58.32,55.12,56.23,72594,2015,4,2
2015-04-05,56.21,56.71,56.21,56.47,86,2015,4,5
2015-04-06,56.48,59.43,55.69,59.01,48096,2015,4,6
2015-04-07,59.3,60.32,58.17,59.66,90644,2015,4,7
2015-04-08,59.35,59.75,56.61,57.29,81979,2015,4,8
2015-04-09,57.3,59.16,57.1,57.92,90784,2015,4,9
2015-04-10,57.88,59.18,57.33,59.1,94513,2015,4,10
2015-04-12,59.08,59.08,58.87,58.89,42,2015,4,12
2015-04-13,58.92,60.59,58.56,59.05,127394,2015,4,13
2015-04-14,59.14,60.44,58.95,60.17,136977,2015,4,14
2015-04-15,60.06,63.47,60.03,62.71,190261,2015,4,15
2015-04-16,62.9,64.95,62.0,63.94,179529,2015,4,16
2015-04-17,64.02,64.5,62.95,63.72,138694,2015,4,17
2015-04-19,63.85,64.0,63.74,64.0,353,2015,4,19
2015-04-20,64.0,64.4,62.1,63.48,166844,2015,4,20
2015-04-21,63.52,63.52,61.65,61.78,121388,2015,4,21
2015-04-22,61.9,63.33,61.39,62.85,138161,2015,4,22
2015-04-23,62.88,65.58,62.22,64.75,188240,2015,4,23
2015-04-24,64.75,65.8,64.48,65.49,132798,2015,4,24
2015-04-26,65.47,65.49,65.34,65.44,136,2015,4,26
2015-04-27,65.46,65.61,64.4,64.65,102984,2015,4,27
2015-04-28,64.74,65.49,63.9,64.57,124081,2015,4,28
2015-04-29,64.64,66.72,64.13,65.6,160228,2015,4,29
2015-04-30,65.63,66.93,65.37,66.8,142079,2015,4,30
2015-05-01,66.78,66.93,65.52,66.51,90243,2015,5,1
2015-05-03,67.24,67.36,67.24,67.33,4,2015,5,3
2015-05-04,67.13,67.85,66.73,67.11,18996,2015,5,4
2015-05-05,67.2,69.13,66.91,68.34,46309,2015,5,5
2015-05-06,68.43,69.63,67.35,67.45,160709,2015,5,6
2015-05-07,67.37,69.17,65.88,66.32,63528,2015,5,7
2015-05-08,66.16,66.44,64.23,65.59,168381,2015,5,8
2015-05-10,66.15,66.21,66.13,66.13,17,2015,5,10
2015-05-11,66.09,66.53,65.01,65.51,74703,2015,5,11
2015-05-12,65.5,67.95,65.4,67.82,123281,2015,5,12
2015-05-13,67.83,68.52,66.87,67.04,148770,2015,5,13
2015-05-14,66.97,67.82,66.26,66.65,151194,2015,5,14
2015-05-15,66.75,67.0,65.37,66.86,151347,2015,5,15
2015-05-17,66.91,67.0,66.91,66.91,35,2015,5,17
2015-05-18,66.91,67.88,65.92,66.3,136598,2015,5,18
2015-05-19,66.19,66.39,63.95,64.45,162704,2015,5,19
2015-05-20,64.49,65.18,64.1,64.96,149310,2015,5,20
2015-05-21,64.89,66.88,64.83,66.48,159989,2015,5,21
2015-05-22,66.6,66.64,65.1,65.57,120952,2015,5,22
2015-05-24,65.56,65.6,65.43,65.49,60,2015,5,24
2015-05-25,65.55,66.22,64.72,65.9,30299,2015,5,25
2015-05-26,65.7,65.7,63.29,63.89,172510,2015,5,26
2015-05-27,63.89,64.67,61.96,62.25,155707,2015,5,27
2015-05-28,62.2,62.95,61.24,62.85,154512,2015,5,28
2015-05-29,62.89,65.83,62.68,65.45,233363,2015,5,29
2015-05-31,65.56,65.6,65.11,65.19,260,2015,5,31
2015-06-01,65.24,65.8,64.25,64.98,123348,2015,6,1
2015-06-02,64.9,66.5,64.71,66.1,57554,2015,6,2
2015-06-03,66.11,66.12,64.26,64.46,52321,2015,6,3
2015-06-04,64.56,64.74,62.48,62.81,49409,2015,6,4
2015-06-05,62.78,64.12,61.67,63.92,67652,2015,6,5
2015-06-07,63.56,63.84,63.56,63.69,121,2015,6,7
2015-06-08,63.66,64.04,63.04,63.19,50019,2015,6,8
2015-06-09,63.32,65.79,63.3,65.72,86191,2015,6,9
2015-06-10,65.8,66.94,65.44,66.09,85495,2015,6,10
2015-06-11,66.11,66.71,65.2,65.47,94768,2015,6,11
2015-06-12,65.5,65.63,64.52,64.52,111160,2015,6,12
2015-06-14,64.37,64.44,64.15,64.15,590,2015,6,14
2015-06-15,64.15,64.76,63.37,63.94,182335,2015,6,15
2015-06-16,63.8,64.41,63.42,63.67,159921,2015,6,16
2015-06-17,63.6,65.47,62.6,63.7,214198,2015,6,17
2015-06-18,63.74,64.96,63.45,64.34,130746,2015,6,18
2015-06-19,64.2,64.56,62.34,62.75,141260,2015,6,19
2015-06-21,62.57,62.86,62.54,62.71,269,2015,6,21
2015-06-22,62.69,63.74,62.1,63.25,127078,2015,6,22
2015-06-23,63.21,64.89,62.76,64.53,187042,2015,6,23
2015-06-24,64.69,65.05,63.01,63.58,165352,2015,6,24
2015-06-25,63.5,63.95,62.72,63.43,114915,2015,6,25
2015-06-26,63.34,63.62,62.5,63.05,121564,2015,6,26
2015-06-28,62.85,62.88,62.4,62.56,1973,2015,6,28
2015-06-29,62.55,62.96,61.35,61.99,180685,2015,6,29
2015-06-30,61.77,63.83,61.71,63.14,137841,2015,6,30
2015-07-01,63.02,63.35,61.84,62.02,143874,2015,7,1
2015-07-02,61.92,63.64,61.92,62.29,52715,2015,7,2
2015-07-03,62.28,62.56,60.63,61.09,28778,2015,7,3
2015-07-05,60.45,60.54,59.88,60.29,339,2015,7,5
2015-07-06,60.15,60.46,56.87,57.14,83385,2015,7,6
2015-07-07,57.3,58.31,55.6,58.0,106823,2015,7,7
2015-07-08,57.75,58.15,56.35,57.63,90353,2015,7,8
2015-07-09,57.52,59.5,57.31,58.73,95810,2015,7,9
2015-07-10,58.87,59.9,58.15,58.89,73680,2015,7,10
2015-07-12,58.59,58.59,58.1,58.19,952,2015,7,12
2015-07-13,58.16,59.14,57.16,58.14,135767,2015,7,13
2015-07-14,58.05,58.98,56.75,58.94,153200,2015,7,14
2015-07-15,58.8,58.98,56.92,57.37,148113,2015,7,15
2015-07-16,57.36,58.0,56.86,56.95,160155,2015,7,16
2015-07-17,56.94,57.35,56.4,57.01,118060,2015,7,17
2015-07-19,57.12,57.27,56.97,57.16,170,2015,7,19
2015-07-20,57.14,57.44,56.33,56.54,98584,2015,7,20
2015-07-21,56.55,57.44,56.33,56.98,111671,2015,7,21
2015-07-22,56.88,56.9,55.92,56.09,151204,2015,7,22
2015-07-23,56.04,56.53,55.1,55.41,124575,2015,7,23
2015-07-24,55.39,55.6,54.3,54.56,112078,2015,7,24
2015-07-26,54.45,54.69,54.45,54.62,99,2015,7,26
2015-07-27,54.61,54.89,52.83,52.96,121382,2015,7,27
2015-07-28,53.08,54.08,52.28,52.98,187790,2015,7,28
2015-07-29,53.0,54.33,52.51,53.55,188678,2015,7,29
2015-07-30,53.52,54.38,53.02,53.38,123520,2015,7,30
2015-07-31,53.43,53.47,51.63,51.85,126332,2015,7,31
2015-08-02,51.55,51.93,51.5,51.7,446,2015,8,2
2015-08-03,51.74,52.01,49.36,49.59,183300,2015,8,3
2015-08-04,49.7,50.45,49.58,50.28,129984,2015,8,4
2015-08-05,50.14,50.99,49.02,49.72,181731,2015,8,5
2015-08-06,49.72,49.83,48.88,49.59,150454,2015,8,6
2015-08-07,49.62,50.06,48.42,48.49,117621,2015,8,7
2015-08-09,48.43,48.45,48.26,48.42,502,2015,8,9
2015-08-10,48.42,50.49,48.24,50.3,143006,2015,8,10
2015-08-11,50.22,51.69,49.18,49.87,114102,2015,8,11
2015-08-12,49.9,50.53,49.28,50.21,167527,2015,8,12
2015-08-13,50.38,50.83,49.25,49.65,169793,2015,8,13
2015-08-14,49.48,49.83,48.65,48.77,172496,2015,8,14
2015-08-16,48.72,48.81,48.6,48.62,312,2015,8,16
2015-08-17,48.64,49.44,48.35,48.57,135366,2015,8,17
2015-08-18,48.55,49.04,48.25,48.65,119917,2015,8,18
2015-08-19,48.5,49.11,46.78,46.88,170610,2015,8,19
2015-08-20,47.03,47.38,46.03,46.25,140080,2015,8,20
2015-08-21,46.34,46.51,45.07,45.43,165580,2015,8,21
2015-08-23,45.35,45.46,45.24,45.42,286,2015,8,23
2015-08-24,45.36,45.36,42.23,42.45,235405,2015,8,24
2015-08-25,42.79,44.5,42.68,43.5,198068,2015,8,25
2015-08-26,43.32,43.76,42.81,43.64,200254,2015,8,26
2015-08-27,43.75,47.75,43.7,47.4,252451,2015,8,27
2015-08-28,47.4,50.98,46.61,49.93,415577,2015,8,28
2015-08-30,50.05,50.05,49.3,49.45,708,2015,8,30
2015-08-31,49.41,54.32,48.25,53.12,343183,2015,8,31
2015-09-01,52.92,53.47,48.47,48.64,338156,2015,9,1
2015-09-02,48.59,51.0,47.74,50.47,262301,2015,9,2
2015-09-03,50.58,52.46,49.82,50.6,230840,2015,9,3
2015-09-04,50.69,51.05,49.25,49.29,161860,2015,9,4
2015-09-06,49.27,49.44,49.21,49.35,103,2015,9,6
2015-09-07,49.31,49.44,47.5,47.76,59638,2015,9,7
2015-09-08,47.76,49.85,47.64,49.31,177114,2015,9,8
2015-09-09,49.39,50.04,47.32,47.44,128120,2015,9,9
2015-09-10,47.46,49.9,46.76,49.72,76937,2015,9,10
2015-09-11,49.6,49.94,48.11,49.08,128409,2015,9,11
2015-09-13,49.0,49.25,48.98,49.13,73,2015,9,13
2015-09-14,49.2,49.2,47.25,47.41,114876,2015,9,14
2015-09-15,47.6,48.25,47.01,48.12,133241,2015,9,15
2015-09-16,48.06,50.34,47.71,49.98,191536,2015,9,16
2015-09-17,49.98,50.14,48.32,49.35,181765,2015,9,17
2015-09-18,49.26,49.75,47.16,47.78,165125,2015,9,18
2015-09-20,47.64,47.77,47.55,47.57,116,2015,9,20
2015-09-21,47.58,48.99,47.48,48.73,122688,2015,9,21
2015-09-22,48.5,49.21,47.7,49.2,137669,2015,9,22
2015-09-23,49.08,50.25,47.68,47.8,180587,2015,9,23
2015-09-24,47.88,48.47,47.4,48.33,127434,2015,9,24
2015-09-25,48.17,49.1,47.86,48.34,145183,2015,9,25
2015-09-27,48.34,48.44,48.32,48.39,78,2015,9,27
2015-09-28,48.35,48.41,47.25,47.4,147998,2015,9,28
2015-09-29,47.45,48.65,47.25,47.94,133424,2015,9,29
2015-09-30,47.97,49.0,47.79,48.44,155963,2015,9,30
2015-10-01,48.4,49.83,47.62,48.06,203872,2015,10,1
2015-10-02,47.99,48.5,46.93,48.22,168210,2015,10,2
2015-10-04,48.08,48.3,47.84,47.88,329,2015,10,4
2015-10-05,47.85,49.87,47.85,49.22,122472,2015,10,5
2015-10-06,49.37,52.26,48.87,52.15,188969,2015,10,6
2015-10-07,52.15,53.15,51.21,51.75,133502,2015,10,7
2015-10-08,51.76,53.52,51.28,53.3,116912,2015,10,8
2015-10-09,53.35,54.05,52.21,52.43,111431,2015,10,9
2015-10-11,52.59,52.85,52.54,52.81,57,2015,10,11
2015-10-12,52.84,53.62,50.16,50.63,113516,2015,10,12
2015-10-13,50.75,51.14,49.34,49.66,155811,2015,10,13
2015-10-14,49.4,50.02,49.21,49.58,137821,2015,10,14
2015-10-15,49.6,50.35,48.7,50.33,196420,2015,10,15
2015-10-16,50.21,50.7,49.31,50.5,117065,2015,10,16
2015-10-18,50.38,50.68,50.38,50.62,183,2015,10,18
2015-10-19,50.68,50.68,48.57,48.91,148134,2015,10,19
2015-10-20,48.83,49.2,48.22,48.56,133175,2015,10,20
2015-10-21,48.58,48.65,47.5,47.89,157590,2015,10,21
2015-10-22,47.96,48.73,47.65,48.22,121196,2015,10,22
2015-10-23,48.32,48.65,47.45,48.08,130286,2015,10,23
2015-10-25,48.0,48.02,47.9,47.97,177,2015,10,25
2015-10-26,47.96,48.33,47.3,47.46,111572,2015,10,26
2015-10-27,47.43,47.57,46.41,47.03,142338,2015,10,27
2015-10-28,46.91,49.23,46.61,49.12,167425,2015,10,28
2015-10-29,49.15,49.38,48.17,48.61,146932,2015,10,29
2015-10-30,48.66,50.0,48.28,49.5,144156,2015,10,30
2015-11-01,49.42,49.5,49.37,49.39,249,2015,11,1
2015-11-02,49.39,49.69,48.61,48.77,106228,2015,11,2
2015-11-03,48.9,50.91,48.46,50.25,185989,2015,11,3
2015-11-04,50.25,50.87,48.49,48.92,195640,2015,11,4
2015-11-05,48.84,49.0,47.93,48.12,106947,2015,11,5
2015-11-06,48.05,48.58,47.27,47.66,100089,2015,11,6
2015-11-08,47.46,47.63,47.42,47.48,210,2015,11,8
2015-11-09,47.48,48.41,47.01,47.3,113105,2015,11,9
2015-11-10,47.32,47.86,46.96,47.05,98189,2015,11,10
2015-11-11,47.08,48.37,46.42,46.59,128222,2015,11,11
2015-11-12,46.74,47.07,45.0,45.2,204889,2015,11,12
2015-11-13,45.16,45.95,44.16,44.6,200301,2015,11,13
2015-11-15,44.7,44.7,44.39,44.61,579,2015,11,15
2015-11-16,44.6,45.18,43.16,44.86,187757,2015,11,16
2015-11-17,44.7,45.1,43.5,43.99,152560,2015,11,17
2015-11-18,43.97,44.74,43.34,44.27,167112,2015,11,18
2015-11-19,44.3,44.76,43.7,44.26,115790,2015,11,19
2015-11-20,44.29,45.5,44.07,44.48,161008,2015,11,20
2015-11-22,44.36,44.52,44.29,44.42,201,2015,11,22
2015-11-23,44.44,45.73,43.57,45.11,212833,2015,11,23
2015-11-24,45.11,46.5,44.92,45.91,168879,2015,11,24
2015-11-25,46.04,46.5,45.03,46.28,139556,2015,11,25
2015-11-26,46.23,46.32,45.0,45.62,69638,2015,11,26
2015-11-27,45.57,45.63,44.79,44.87,106395,2015,11,27
2015-11-29,44.86,44.95,44.79,44.81,356,2015,11,29
2015-11-30,44.8,45.75,44.44,44.5,167617,2015,11,30
2015-12-01,44.62,45.18,44.03,44.28,139160,2015,12,1
2015-12-02,44.32,44.64,42.43,42.68,228353,2015,12,2
2015-12-03,42.77,44.69,42.61,44.06,166712,2015,12,3
2015-12-04,43.98,44.82,42.67,43.22,199656,2015,12,4
2015-12-06,42.76,42.93,42.75,42.91,211,2015,12,6
2015-12-07,42.9,43.0,40.6,40.66,173323,2015,12,7
2015-12-08,40.82,41.45,39.81,40.46,209238,2015,12,8
2015-12-09,40.63,41.59,39.57,40.33,194350,2015,12,9
2015-12-10,40.43,40.7,39.46,39.55,122954,2015,12,10
2015-12-11,39.57,40.13,37.73,38.27,172687,2015,12,11
2015-12-13,38.39,38.39,38.12,38.27,163,2015,12,13
2015-12-14,38.26,38.68,36.75,37.99,213815,2015,12,14
2015-12-15,38.1,39.69,37.81,38.45,227063,2015,12,15
2015-12-16,38.45,38.74,37.17,37.57,196582,2015,12,16
2015-12-17,37.6,37.93,36.75,36.95,151892,2015,12,17
2015-12-18,36.81,37.73,36.41,36.55,181428,2015,12,18
2015-12-20,36.55,36.75,36.32,36.45,940,2015,12,20
2015-12-21,36.46,36.75,36.04,36.23,114135,2015,12,21
2015-12-22,36.36,36.72,35.98,36.38,127226,2015,12,22
2015-12-23,36.37,37.88,36.28,37.79,147350,2015,12,23
2015-12-24,37.77,38.1,36.91,37.93,92540,2015,12,24
2015-12-27,37.84,37.95,37.75,37.76,713,2015,12,27
2015-12-28,37.76,37.85,36.41,36.6,71102,2015,12,28
2015-12-29,36.59,37.98,36.56,37.39,100631,2015,12,29
2015-12-30,37.29,37.55,36.35,36.68,91286,2015,12,30
2015-12-31,36.57,37.95,36.1,37.6,113998,2015,12,31
2016-01-03,37.85,38.46,37.78,38.34,3248,2016,1,3
2016-01-04,38.33,38.99,36.77,37.33,177195,2016,1,4
2016-01-05,37.27,37.57,36.24,36.59,164413,2016,1,5
2016-01-06,36.64,36.67,34.13,34.38,221868,2016,1,6
2016-01-07,34.52,34.74,32.16,33.77,180185,2016,1,7
2016-01-08,34.02,34.72,32.78,33.26,141595,2016,1,8
2016-01-10,33.34,33.36,32.91,32.99,381,2016,1,10
2016-01-11,32.95,33.73,31.52,31.6,155020,2016,1,11
2016-01-12,31.77,32.69,30.5,30.83,202482,2016,1,12
2016-01-13,31.25,31.83,29.94,30.24,250587,2016,1,13
2016-01-14,30.23,31.19,29.7,31.1,219498,2016,1,14
2016-01-15,31.0,31.02,28.82,29.11,223796,2016,1,15
2016-01-17,28.73,28.8,27.67,28.13,3629,2016,1,17
2016-01-18,28.15,29.57,27.99,28.74,126746,2016,1,18
2016-01-19,28.7,30.24,28.6,28.73,202176,2016,1,19
2016-01-20,28.66,28.75,27.1,27.79,203548,2016,1,20
2016-01-21,27.99,29.84,27.29,29.72,273127,2016,1,21
2016-01-22,29.62,32.3,29.29,32.08,240280,2016,1,22
2016-01-25,32.69,32.81,30.0,30.09,160814,2016,1,25
2016-01-26,30.01,32.72,29.27,31.09,213503,2016,1,26
2016-01-27,31.2,33.49,30.84,33.01,175106,2016,1,27
2016-01-28,32.84,35.84,32.56,34.55,114751,2016,1,28
2016-01-29,34.0,36.17,34.0,35.87,297335,2016,1,29
2016-01-31,35.91,36.25,35.66,35.91,1337,2016,1,31
2016-02-01,35.92,36.05,33.92,34.13,256570,2016,2,1
2016-02-02,34.12,34.13,32.23,32.57,253895,2016,2,2
2016-02-03,32.41,35.53,32.3,35.47,320545,2016,2,3
2016-02-04,35.32,35.84,34.15,34.39,223450,2016,2,4
2016-02-05,34.39,35.14,33.81,34.13,185374,2016,2,5
2016-02-07,33.99,34.21,33.88,33.88,316,2016,2,7
2016-02-08,33.88,34.68,32.77,33.21,164516,2016,2,8
2016-02-09,33.17,33.56,30.28,30.81,256841,2016,2,9
2016-02-10,30.94,31.9,30.35,30.97,232562,2016,2,10
2016-02-11,30.83,31.35,29.92,31.13,243327,2016,2,11
2016-02-12,31.31,33.44,30.85,32.65,259523,2016,2,12
2016-02-14,32.77,32.95,32.67,32.85,401,2016,2,14
2016-02-15,32.89,34.09,32.81,34.03,108049,2016,2,15
2016-02-16,34.51,35.54,31.92,32.3,356911,2016,2,16
2016-02-17,32.54,34.99,31.82,34.87,240099,2016,2,17
2016-02-18,34.91,35.73,33.79,33.99,263401,2016,2,18
2016-02-19,33.88,34.46,32.68,33.12,160221,2016,2,19
2016-02-21,33.15,33.22,32.85,32.97,478,2016,2,21
2016-02-22,32.96,34.97,32.9,34.67,149846,2016,2,22
2016-02-23,34.54,35.11,32.9,32.9,167113,2016,2,23
2016-02-24,32.98,34.67,32.37,34.41,207764,2016,2,24
2016-02-25,34.39,35.74,33.3,35.06,84727,2016,2,25
2016-02-26,35.1,37.0,34.74,35.13,52660,2016,2,26
2016-02-28,35.43,35.44,35.2,35.23,453,2016,2,28
2016-02-29,35.25,36.74,35.08,36.64,212398,2016,2,29
2016-03-01,36.6,37.25,35.95,36.6,243836,2016,3,1
2016-03-02,36.62,37.4,36.1,37.06,250894,2016,3,2
2016-03-03,36.93,37.37,36.35,37.06,161152,2016,3,3
2016-03-04,37.04,38.95,36.82,38.93,279692,2016,3,4
2016-03-06,38.88,39.2,38.87,39.01,1008,2016,3,6
2016-03-07,39.02,41.04,38.88,40.83,276213,2016,3,7
2016-03-08,40.71,41.48,39.31,39.54,292559,2016,3,8
2016-03-09,39.65,41.18,39.39,40.84,236068,2016,3,9
2016-03-10,40.89,41.0,39.63,40.16,231872,2016,3,10
2016-03-11,40.33,41.03,40.02,40.38,186989,2016,3,11
2016-03-13,40.25,40.47,40.2,40.34,484,2016,3,13
2016-03-14,40.37,40.5,38.82,39.73,209148,2016,3,14
2016-03-15,39.66,39.74,38.33,38.95,184154,2016,3,15
2016-03-16,39.14,40.44,38.83,40.21,163619,2016,3,16
2016-03-17,40.45,41.6,40.41,41.43,161476,2016,3,17
2016-03-18,41.38,42.54,41.07,41.46,174027,2016,3,18
2016-03-20,41.31,41.39,41.06,41.06,437,2016,3,20
2016-03-21,41.07,41.88,40.48,41.41,123496,2016,3,21
2016-03-22,41.47,42.08,40.97,41.58,139340,2016,3,22
2016-03-23,41.56,41.82,40.61,40.73,109379,2016,3,23
2016-03-24,40.4,40.64,39.22,40.45,131305,2016,3,24
2016-03-27,41.16,41.28,41.11,41.2,194,2016,3,27
2016-03-28,41.2,41.62,40.23,40.76,40523,2016,3,28
2016-03-29,40.8,40.85,39.46,40.03,132990,2016,3,29
2016-03-30,40.13,41.35,39.88,39.94,168368,2016,3,30
2016-03-31,39.84,40.85,39.5,40.14,207923,2016,3,31
2016-04-01,40.14,40.43,38.55,38.75,203107,2016,4,1
2016-04-03,38.69,38.69,38.25,38.28,793,2016,4,3
2016-04-04,38.29,38.92,37.5,37.58,169038,2016,4,4
2016-04-05,37.5,38.44,37.27,38.33,161928,2016,4,5
2016-04-06,38.4,39.94,38.34,39.75,195498,2016,4,6
2016-04-07,39.9,40.29,38.7,39.66,174065,2016,4,7
2016-04-08,39.68,42.01,39.62,41.89,212185,2016,4,8
2016-04-10,42.0,42.45,41.88,42.44,694,2016,4,10
2016-04-11,42.44,43.06,41.41,42.81,178061,2016,4,11
2016-04-12,42.7,44.81,42.56,44.28,231417,2016,4,12
2016-04-13,44.44,44.94,43.76,43.9,210814,2016,4,13
2016-04-14,44.01,44.62,43.29,43.78,143944,2016,4,14
2016-04-15,43.8,44.05,42.28,42.85,182748,2016,4,15
2016-04-17,40.8,40.86,40.1,40.58,9950,2016,4,17
2016-04-18,40.58,43.43,40.57,43.16,262207,2016,4,18
2016-04-19,43.14,44.5,42.6,43.8,217908,2016,4,19
2016-04-20,43.52,45.88,42.81,45.59,210428,2016,4,20
2016-04-21,45.54,46.18,44.44,44.73,209909,2016,4,21
2016-04-22,44.75,45.9,44.3,45.16,150857,2016,4,22
2016-04-24,45.13,45.13,44.92,44.98,301,2016,4,24
2016-04-25,44.95,45.59,44.26,44.76,134011,2016,4,25
2016-04-26,44.69,46.49,44.36,46.42,123824,2016,4,26
2016-04-27,46.09,47.2,45.44,47.0,171626,2016,4,27
2016-04-28,46.87,47.82,46.51,47.68,154012,2016,4,28
2016-04-29,47.58,48.29,46.76,47.32,208921,2016,4,29
2016-05-01,47.37,47.39,47.01,47.01,555,2016,5,1
2016-05-02,47.03,47.33,45.72,45.91,122841,2016,5,2
2016-05-03,45.8,46.4,44.62,45.23,196285,2016,5,3
2016-05-04,45.21,46.01,44.19,44.92,205079,2016,5,4
2016-05-05,45.08,46.77,44.65,45.22,197070,2016,5,5
2016-05-06,45.16,46.12,44.19,45.28,191619,2016,5,6
2016-05-08,46.08,46.48,46.03,46.28,2406,2016,5,8
2016-05-09,46.31,46.31,43.43,43.45,214746,2016,5,9
2016-05-10,43.49,45.7,43.33,45.44,193316,2016,5,10
2016-05-11,45.59,47.75,44.8,47.4,229065,2016,5,11
2016-05-12,47.32,48.19,46.8,47.91,193843,2016,5,12
2016-05-13,47.85,48.12,47.26,47.85,147945,2016,5,13
2016-05-15,47.82,48.15,47.77,47.92,1120,2016,5,15
2016-05-16,47.92,49.47,47.81,49.13,158239,2016,5,16
2016-05-17,49.03,49.75,48.57,49.36,158314,2016,5,17
2016-05-18,49.36,49.85,48.45,48.54,196972,2016,5,18
2016-05-19,48.67,48.88,47.38,48.88,194055,2016,5,19
2016-05-20,48.9,49.39,48.07,48.74,150873,2016,5,20
2016-05-22,48.72,48.84,48.54,48.64,414,2016,5,22
2016-05-23,48.62,48.7,47.58,48.39,115800,2016,5,23
2016-05-24,48.35,49.24,47.8,49.04,128133,2016,5,24
2016-05-25,49.16,49.96,48.91,49.78,135533,2016,5,25
2016-05-26,49.76,50.51,49.25,49.33,95972,2016,5,26
2016-05-27,49.97,50.13,49.34,50.03,107284,2016,5,27
2016-05-30,50.02,50.43,49.55,50.28,34555,2016,5,30
2016-05-31,50.3,50.87,49.5,49.52,149012,2016,5,31
2016-06-01,49.65,50.0,48.65,49.74,172007,2016,6,1
2016-06-02,49.63,50.3,48.84,49.95,182231,2016,6,2
2016-06-03,49.95,50.33,49.3,49.84,142199,2016,6,3
2016-06-05,49.83,49.96,49.83,49.83,183,2016,6,5
2016-06-06,49.83,50.83,49.72,50.48,142495,2016,6,6
2016-06-07,50.46,51.54,50.28,51.49,151508,2016,6,7
2016-06-08,51.41,52.8,51.32,52.7,194655,2016,6,8
2016-06-09,52.74,52.86,51.53,51.86,152392,2016,6,9
2016-06-10,51.91,52.1,50.33,50.48,153969,2016,6,10
2016-06-12,50.42,50.42,50.12,50.27,893,2016,6,12
2016-06-13,50.27,50.79,49.61,50.0,143079,2016,6,13
2016-06-14,49.89,50.05,49.2,49.25,138261,2016,6,14
2016-06-15,49.22,49.8,48.39,48.62,183805,2016,6,15
2016-06-16,48.56,48.77,46.94,47.03,223391,2016,6,16
2016-06-17,47.28,49.4,47.25,49.25,182101,2016,6,17
2016-06-19,49.42,49.58,49.34,49.46,511,2016,6,19
2016-06-20,49.46,50.68,49.36,50.41,164194,2016,6,20
2016-06-21,50.43,51.1,49.46,50.95,159002,2016,6,21
2016-06-22,51.06,51.24,49.18,49.89,188149,2016,6,22
2016-06-23,50.14,51.18,49.89,51.14,146431,2016,6,23
2016-06-24,50.69,50.74,47.54,48.41,263393,2016,6,24
2016-06-26,48.43,49.1,48.41,48.73,1071,2016,6,26
2016-06-27,48.76,49.48,47.3,48.11,133561,2016,6,27
2016-06-28,47.61,48.79,47.47,48.66,67719,2016,6,28
2016-06-29,49.49,51.44,49.33,50.96,184120,2016,6,29
2016-06-30,50.94,51.02,49.53,49.74,188659,2016,6,30
2016-07-01,49.9,50.66,49.25,50.55,156808,2016,7,1
2016-07-03,50.6,50.68,50.35,50.53,331,2016,7,3
2016-07-04,50.54,50.75,50.03,50.04,59508,2016,7,4
2016-07-05,50.03,50.05,47.54,48.18,204852,2016,7,5
2016-07-06,48.06,49.31,47.17,49.25,215327,2016,7,6
2016-07-07,49.12,49.59,46.15,46.45,232673,2016,7,7
2016-07-08,46.6,47.23,46.15,46.44,161181,2016,7,8
2016-07-10,46.49,46.67,46.31,46.61,270,2016,7,10
2016-07-11,46.58,47.1,45.9,46.07,128724,2016,7,11
2016-07-12,46.17,48.57,46.09,48.19,188473,2016,7,12
2016-07-13,48.13,48.2,46.09,46.56,192832,2016,7,13
2016-07-14,46.59,47.47,46.34,47.13,147726,2016,7,14
2016-07-15,47.03,48.25,46.65,48.09,139275,2016,7,15
2016-07-17,47.92,47.95,47.3,47.67,1080,2016,7,17
2016-07-18,47.69,47.9,46.5,47.03,132312,2016,7,18
2016-07-19,46.93,47.49,46.53,46.71,120435,2016,7,19
2016-07-20,46.76,47.49,45.9,47.13,187566,2016,7,20
2016-07-21,47.17,47.56,46.05,46.19,121022,2016,7,21
2016-07-22,46.21,46.5,45.17,45.74,139792,2016,7,22
2016-07-24,45.7,45.73,45.55,45.63,155,2016,7,24
2016-07-25,45.65,45.87,44.55,45.06,109962,2016,7,25
2016-07-26,45.17,45.34,44.53,44.91,83400,2016,7,26
2016-07-27,44.9,45.33,43.72,43.82,157538,2016,7,27
2016-07-28,43.95,44.15,43.13,43.16,165848,2016,7,28
2016-07-29,43.14,43.6,42.52,43.21,181881,2016,7,29
2016-07-31,43.11,43.38,43.11,43.27,305,2016,7,31
2016-08-01,43.26,43.85,41.87,42.22,164939,2016,8,1
2016-08-02,42.23,43.18,41.51,41.97,184155,2016,8,2
2016-08-03,41.94,43.47,41.56,43.44,200589,2016,8,3
2016-08-04,43.36,44.34,42.51,44.22,167013,2016,8,4
2016-08-05,44.18,44.49,43.51,44.42,153261,2016,8,5
2016-08-07,44.34,44.42,44.25,44.3,129,2016,8,7
2016-08-08,44.31,45.71,44.24,45.18,149109,2016,8,8
2016-08-09,45.25,45.77,44.76,44.99,137183,2016,8,9
2016-08-10,44.92,45.68,43.81,43.84,186356,2016,8,10
2016-08-11,43.78,46.3,43.46,45.96,220786,2016,8,11
2016-08-12,46.18,47.25,45.74,47.08,149167,2016,8,12
2016-08-14,47.14,47.25,47.01,47.15,108,2016,8,14
2016-08-15,47.13,48.54,46.84,48.1,170172,2016,8,15
2016-08-16,48.22,49.36,47.9,48.9,171880,2016,8,16
2016-08-17,48.88,49.93,48.55,49.8,204645,2016,8,17
2016-08-18,49.76,51.05,49.52,50.9,166611,2016,8,18
2016-08-19,50.96,51.22,50.32,50.79,144473,2016,8,19
2016-08-21,50.7,50.7,50.35,50.4,1693,2016,8,21
2016-08-22,50.38,50.57,49.07,49.1,153093,2016,8,22
2016-08-23,49.04,50.21,48.48,49.58,186990,2016,8,23
2016-08-24,49.57,49.87,48.68,49.03,151269,2016,8,24
2016-08-25,49.03,49.93,48.7,49.93,118246,2016,8,25
2016-08-26,49.91,50.99,49.38,49.79,98474,2016,8,26
2016-08-28,49.77,49.82,49.68,49.68,273,2016,8,28
2016-08-29,49.67,49.83,49.15,49.41,73823,2016,8,29
2016-08-30,49.45,49.9,48.48,48.68,148770,2016,8,30
2016-08-31,48.65,48.77,46.77,46.97,204364,2016,8,31
2016-09-01,46.98,47.24,45.32,45.82,205243,2016,9,1
2016-09-02,45.79,47.02,45.41,46.68,216491,2016,9,2
2016-09-04,46.7,46.71,46.62,46.66,193,2016,9,4
2016-09-05,46.65,49.4,46.4,47.4,235993,2016,9,5
2016-09-06,47.43,47.99,46.29,47.36,162964,2016,9,6
2016-09-07,47.2,48.56,46.97,48.55,159176,2016,9,7
2016-09-08,48.55,50.14,48.21,49.69,207326,2016,9,8
2016-09-09,49.63,49.7,47.76,47.88,162500,2016,9,9
2016-09-11,47.81,47.84,47.3,47.56,1290,2016,9,11
2016-09-12,47.57,48.63,46.9,48.15,178756,2016,9,12
2016-09-13,48.17,48.22,46.96,47.19,173439,2016,9,13
2016-09-14,47.33,47.48,45.7,45.97,218323,2016,9,14
2016-09-15,46.06,47.0,45.67,46.41,175363,2016,9,15
2016-09-16,46.31,46.41,45.48,46.05,149663,2016,9,16
2016-09-18,46.01,46.27,45.89,46.23,512,2016,9,18
2016-09-19,46.24,46.93,45.85,45.92,137720,2016,9,19
2016-09-20,45.91,46.3,45.09,46.2,191433,2016,9,20
2016-09-21,46.45,47.14,46.38,47.05,151960,2016,9,21
2016-09-22,46.99,47.83,46.99,47.46,129060,2016,9,22
2016-09-23,47.42,48.26,45.65,46.07,188515,2016,9,23
2016-09-25,46.62,46.91,46.58,46.86,312,2016,9,25
2016-09-26,46.87,48.24,46.3,47.54,116740,2016,9,26
2016-09-27,47.71,47.89,46.17,46.75,153982,2016,9,27
2016-09-28,46.75,49.5,46.26,49.43,330427,2016,9,28
2016-09-29,49.46,50.39,48.55,49.62,254838,2016,9,29
2016-09-30,49.76,50.27,48.9,49.99,182181,2016,9,30
2016-10-02,50.02,50.05,49.83,49.9,382,2016,10,2
2016-10-03,49.88,51.14,49.74,50.8,180889,2016,10,3
2016-10-04,50.93,51.55,50.34,51.31,179854,2016,10,4
2016-10-05,51.22,52.09,51.22,51.61,183458,2016,10,5
2016-10-06,51.76,52.75,51.32,52.59,177553,2016,10,6
2016-10-07,52.72,52.84,51.33,51.69,185691,2016,10,7
2016-10-09,51.63,51.8,51.48,51.53,636,2016,10,9
2016-10-10,51.51,53.73,51.3,52.92,192779,2016,10,10
2016-10-11,53.11,53.32,52.12,52.53,189329,2016,10,11
2016-10-12,52.48,52.87,51.61,51.66,160178,2016,10,12
2016-10-13,51.6,52.15,50.92,51.96,171390,2016,10,13
2016-10-14,52.06,52.55,51.5,52.0,125868,2016,10,14
2016-10-16,51.93,51.97,51.75,51.79,453,2016,10,16
2016-10-17,51.79,52.29,51.16,51.68,136091,2016,10,17
2016-10-18,51.72,52.15,51.25,52.15,128987,2016,10,18
2016-10-19,52.13,53.14,52.09,52.54,167973,2016,10,19
2016-10-20,52.6,52.72,51.17,51.39,149087,2016,10,20
2016-10-21,51.4,51.94,51.12,51.92,122261,2016,10,21
2016-10-23,51.89,51.92,51.47,51.56,469,2016,10,23
2016-10-24,51.6,52.01,50.5,51.48,136259,2016,10,24
2016-10-25,51.44,51.83,50.22,51.29,135021,2016,10,25
2016-10-26,51.26,51.8,50.75,51.07,131587,2016,10,26
2016-10-27,51.1,51.98,50.94,51.43,148817,2016,10,27
2016-10-28,51.51,51.66,50.34,50.57,153982,2016,10,28
2016-10-30,50.34,50.44,50.26,50.35,2551,2016,10,30
2016-10-31,50.34,50.76,48.45,48.51,235832,2016,10,31
2016-11-01,48.72,49.26,47.72,47.9,249773,2016,11,1
2016-11-02,47.9,48.02,46.46,47.08,229932,2016,11,2
2016-11-03,47.15,47.52,45.99,46.28,175216,2016,11,3
2016-11-04,46.43,46.56,45.08,45.6,240701,2016,11,4
2016-11-06,45.7,46.04,45.7,45.94,1932,2016,11,6
2016-11-07,45.95,46.38,45.38,46.33,159938,2016,11,7
2016-11-08,46.3,46.69,45.6,45.82,177014,2016,11,8
2016-11-09,46.04,46.95,44.4,46.5,249300,2016,11,9
2016-11-10,46.36,46.92,45.56,45.66,160191,2016,11,10
2016-11-11,45.8,45.89,44.19,44.52,169364,2016,11,11
2016-11-13,44.54,44.94,44.54,44.86,364,2016,11,13
2016-11-14,44.88,44.99,43.57,44.76,168627,2016,11,14
2016-11-15,44.7,47.25,44.67,46.91,203023,2016,11,15
2016-11-16,46.88,47.56,46.25,46.34,198561,2016,11,16
2016-11-17,46.44,47.62,45.97,46.0,159824,2016,11,17
2016-11-18,46.05,46.99,45.75,46.89,161773,2016,11,18
2016-11-20,46.92,47.49,46.92,47.36,1202,2016,11,20
2016-11-21,47.35,49.15,47.17,49.04,179139,2016,11,21
2016-11-22,49.25,49.96,48.14,49.05,235895,2016,11,22
2016-11-23,49.2,49.5,48.56,48.88,141563,2016,11,23
2016-11-24,49.03,49.21,48.76,48.86,46314,2016,11,24
2016-11-25,48.96,49.02,46.85,47.12,117615,2016,11,25
2016-11-27,47.97,47.97,47.3,47.42,1856,2016,11,27
2016-11-28,47.41,49.76,47.38,48.99,201340,2016,11,28
2016-11-29,49.06,49.07,46.91,47.26,249505,2016,11,29
2016-11-30,47.51,52.37,47.4,51.52,522586,2016,11,30
2016-12-01,51.72,54.53,51.51,53.7,280322,2016,12,1
2016-12-02,53.88,54.5,52.84,54.49,199243,2016,12,2
2016-12-04,54.4,54.44,53.85,54.09,1947,2016,12,4
2016-12-05,54.08,55.33,53.77,54.19,178920,2016,12,5
2016-12-06,54.5,54.94,53.51,53.89,163506,2016,12,6
2016-12-07,53.94,54.23,52.92,53.02,165876,2016,12,7
2016-12-08,53.15,54.05,52.81,53.98,163775,2016,12,8
2016-12-09,53.97,54.46,53.77,54.36,128064,2016,12,9
2016-12-11,55.88,57.89,55.55,56.8,10137,2016,12,11
2016-12-12,56.76,57.26,55.11,55.45,206568,2016,12,12
2016-12-13,55.7,56.44,55.13,55.23,129488,2016,12,13
2016-12-14,55.16,55.81,53.52,53.72,193301,2016,12,14
2016-12-15,53.76,54.5,53.15,54.23,152316,2016,12,15
2016-12-16,54.11,55.38,53.71,55.33,141092,2016,12,16
2016-12-18,55.4,55.58,55.28,55.3,896,2016,12,18
2016-12-19,55.29,55.8,54.69,55.07,95204,2016,12,19
2016-12-20,55.02,55.92,54.75,55.54,108707,2016,12,20
2016-12-21,55.52,55.87,54.32,54.53,114468,2016,12,21
2016-12-22,54.55,55.23,54.05,54.9,103725,2016,12,22
2016-12-23,54.84,55.25,54.26,55.08,64113,2016,12,23
2016-12-27,55.96,57.82,55.77,56.95,62244,2016,12,27
2016-12-28,56.71,57.27,56.61,56.63,89785,2016,12,28
2016-12-29,56.73,57.33,56.66,56.95,120840,2016,12,29
2016-12-30,57.0,57.2,56.46,56.75,86858,2016,12,30
2017-01-02,56.82,56.82,56.82,56.82,1,2017,1,2
2017-01-03,57.05,58.37,55.3,55.56,226241,2017,1,3
2017-01-04,55.73,56.55,55.33,56.47,155502,2017,1,4
2017-01-05,56.35,57.35,56.01,56.9,159774,2017,1,5
2017-01-06,56.88,57.47,56.28,56.75,130683,2017,1,6
2017-01-08,56.81,56.99,56.81,56.97,276,2017,1,8
2017-01-09,56.96,57.0,54.74,54.82,162904,2017,1,9
2017-01-10,54.95,55.36,53.58,53.63,191134,2017,1,10
2017-01-11,53.8,55.67,53.7,55.33,223175,2017,1,11
2017-01-12,55.19,56.43,55.01,56.11,168444,2017,1,12
2017-01-13,56.0,56.21,55.28,55.59,131593,2017,1,13
2017-01-16,55.64,55.92,55.19,55.68,60334,2017,1,16
2017-01-17,55.74,56.95,55.4,55.47,167423,2017,1,17
2017-01-18,55.48,55.9,53.77,54.25,211623,2017,1,18
2017-01-19,54.29,54.77,53.9,54.21,150345,2017,1,19
2017-01-20,54.33,55.8,54.18,55.49,159750,2017,1,20
2017-01-22,55.7,55.75,55.42,55.6,992,2017,1,22
2017-01-23,55.6,55.63,54.65,55.37,138770,2017,1,23
2017-01-24,55.42,55.86,55.07,55.16,110996,2017,1,24
2017-01-25,55.24,55.75,54.75,55.65,132397,2017,1,25
2017-01-26,55.73,56.78,55.48,56.45,117416,2017,1,26
2017-01-27,56.33,56.72,55.09,55.65,134761,2017,1,27
2017-01-29,55.66,55.68,55.39,55.43,301,2017,1,29
2017-01-30,55.44,55.86,55.04,55.32,127056,2017,1,30
2017-01-31,55.34,56.44,54.96,55.49,203539,2017,1,31
2017-02-01,55.55,56.83,55.36,56.59,187248,2017,2,1
2017-02-02,56.53,57.45,56.33,56.74,178082,2017,2,2
2017-02-03,56.92,57.29,56.39,56.72,136945,2017,2,3
2017-02-05,56.85,56.91,56.73,56.91,312,2017,2,5
2017-02-06,56.91,57.13,55.65,55.89,136788,2017,2,6
2017-02-07,55.91,55.98,54.58,54.66,176445,2017,2,7
2017-02-08,54.5,55.68,54.44,55.16,178003,2017,2,8
2017-02-09,55.3,55.92,55.23,55.74,117740,2017,2,9
2017-02-10,55.66,56.88,55.59,56.61,154834,2017,2,10
2017-02-12,56.68,56.81,56.65,56.7,204,2017,2,12
2017-02-13,56.71,56.79,55.41,55.66,140503,2017,2,13
2017-02-14,55.75,56.46,55.53,55.8,120613,2017,2,14
2017-02-15,55.82,56.25,55.56,55.69,118142,2017,2,15
2017-02-16,55.74,56.24,55.13,55.81,158184,2017,2,16
2017-02-17,55.73,55.88,55.1,55.72,109011,2017,2,17
2017-02-19,55.9,55.98,55.77,55.78,281,2017,2,19
2017-02-20,55.77,56.42,55.7,56.15,57778,2017,2,20
2017-02-21,56.17,57.31,56.1,56.67,104293,2017,2,21
2017-02-22,56.74,57.01,55.64,56.19,115100,2017,2,22
2017-02-23,56.2,57.26,56.18,56.47,120861,2017,2,23
2017-02-24,56.4,56.66,55.74,56.04,48023,2017,2,24
2017-02-26,56.32,56.39,56.28,56.35,391,2017,2,26
2017-02-27,56.35,57.06,56.29,56.43,119795,2017,2,27
2017-02-28,56.52,56.64,55.62,56.45,220262,2017,2,28
2017-03-01,56.45,57.05,56.24,56.28,156703,2017,3,1
2017-03-02,56.31,56.44,55.03,55.03,210940,2017,3,2
2017-03-03,55.18,55.95,55.09,55.71,144251,2017,3,3
2017-03-05,55.8,56.0,55.8,55.91,1419,2017,3,5
2017-03-06,55.89,56.25,55.32,55.94,131220,2017,3,6
2017-03-07,55.95,56.65,55.56,55.6,144108,2017,3,7
2017-03-08,55.63,55.77,52.93,53.16,282244,2017,3,8
2017-03-09,53.49,53.86,51.5,52.38,336458,2017,3,9
2017-03-10,52.33,53.02,51.14,51.27,224090,2017,3,10
2017-03-12,51.49,51.49,50.85,50.99,4708,2017,3,12
2017-03-13,51.0,51.7,50.92,51.33,170827,2017,3,13
2017-03-14,51.34,51.86,50.25,51.84,266119,2017,3,14
2017-03-15,51.5,52.15,51.36,52.0,180170,2017,3,15
2017-03-16,52.08,52.65,51.5,51.74,157291,2017,3,16
2017-03-17,51.74,52.18,51.53,51.67,99138,2017,3,17
2017-03-19,51.8,51.8,51.66,51.68,525,2017,3,19
2017-03-20,51.68,51.94,51.01,51.72,137801,2017,3,20
2017-03-21,51.7,52.22,50.73,50.85,156322,2017,3,21
2017-03-22,50.86,50.98,49.71,50.68,189809,2017,3,22
2017-03-23,50.83,51.1,50.25,50.51,114353,2017,3,23
2017-03-24,50.64,51.06,50.4,50.97,77801,2017,3,24
2017-03-26,51.15,51.19,50.9,51.12,910,2017,3,26
2017-03-27,51.1,51.14,50.13,50.94,89721,2017,3,27
2017-03-28,50.98,52.0,50.92,51.42,120853,2017,3,28
2017-03-29,51.49,52.61,51.45,52.55,158279,2017,3,29
2017-03-30,52.53,53.27,52.17,53.07,171946,2017,3,30
2017-03-31,53.04,53.77,52.6,53.62,211716,2017,3,31
2017-04-02,53.62,53.63,53.46,53.48,659,2017,4,2
2017-04-03,53.5,53.74,53.03,53.1,123567,2017,4,3
2017-04-04,53.18,54.38,52.73,54.26,158286,2017,4,4
2017-04-05,54.22,55.09,53.97,54.01,185600,2017,4,5
2017-04-06,54.13,55.0,54.02,54.9,121444,2017,4,6
2017-04-07,54.88,56.08,54.57,55.26,193763,2017,4,7
2017-04-09,55.19,55.52,55.19,55.42,396,2017,4,9
2017-04-10,55.44,56.05,55.23,56.0,131976,2017,4,10
2017-04-11,56.08,56.3,55.45,56.29,155798,2017,4,11
2017-04-12,56.28,56.65,55.5,55.62,165107,2017,4,12
2017-04-13,55.66,56.06,55.56,55.64,112860,2017,4,13
2017-04-16,55.55,55.78,55.55,55.67,503,2017,4,16
2017-04-17,55.65,55.98,55.29,55.48,72483,2017,4,17
2017-04-18,55.39,55.48,54.61,54.82,155422,2017,4,18
2017-04-19,54.78,55.2,52.58,53.08,217130,2017,4,19
2017-04-20,53.09,53.55,52.68,52.99,174646,2017,4,20
2017-04-21,53.0,53.29,51.57,52.05,175783,2017,4,21
2017-04-23,52.11,52.36,52.07,52.2,1192,2017,4,23
2017-04-24,52.22,52.57,51.42,51.61,116993,2017,4,24
2017-04-25,51.6,52.45,51.3,52.42,119055,2017,4,25
2017-04-26,52.32,52.95,51.85,52.07,169679,2017,4,26
2017-04-27,52.11,52.28,51.01,52.07,226586,2017,4,27
2017-04-28,51.95,52.6,51.62,51.89,187574,2017,4,28
2017-04-30,51.88,51.94,51.81,51.85,378,2017,4,30
2017-05-01,51.85,51.97,51.22,51.46,77485,2017,5,1
2017-05-02,51.39,52.16,50.14,51.13,216774,2017,5,2
2017-05-03,50.99,51.14,50.2,50.62,201916,2017,5,3
2017-05-04,50.59,50.73,48.16,48.35,319351,2017,5,4
2017-05-05,48.45,49.63,46.64,49.47,307736,2017,5,5
2017-05-07,49.27,49.56,49.27,49.45,777,2017,5,7
2017-05-08,49.45,49.92,48.48,49.45,205200,2017,5,8
2017-05-09,49.44,49.72,48.39,48.99,179665,2017,5,9
2017-05-10,48.95,50.63,48.81,50.28,205586,2017,5,10
2017-05-11,50.28,51.16,50.25,50.77,163314,2017,5,11
2017-05-12,50.76,51.09,50.33,50.91,139073,2017,5,12
2017-05-14,50.84,50.86,50.74,50.76,122,2017,5,14
2017-05-15,50.75,52.63,50.74,51.8,191306,2017,5,15
2017-05-16,51.88,52.36,51.1,51.23,154080,2017,5,16
2017-05-17,51.2,52.61,51.04,52.09,191628,2017,5,17
2017-05-18,52.19,52.74,51.11,52.5,196000,2017,5,18
2017-05-19,52.57,53.82,52.55,53.8,166740,2017,5,19
2017-05-21,53.85,54.01,53.83,54.01,1253,2017,5,21
2017-05-22,54.02,54.37,53.66,53.74,160197,2017,5,22
2017-05-23,53.87,54.43,53.2,54.16,148916,2017,5,23
2017-05-24,54.14,54.62,53.66,53.86,164905,2017,5,24
2017-05-25,54.15,54.67,51.03,51.64,298877,2017,5,25
2017-05-26,51.79,52.65,51.05,52.58,159617,2017,5,26
2017-05-28,52.5,52.8,52.5,52.62,268,2017,5,28
2017-05-29,52.63,52.96,52.21,52.56,39031,2017,5,29
2017-05-30,52.59,52.69,51.6,52.19,141097,2017,5,30
2017-05-31,52.18,52.32,50.21,50.98,229161,2017,5,31
2017-06-01,51.17,51.45,50.23,50.4,233568,2017,6,1
2017-06-02,50.23,50.52,48.95,49.95,239811,2017,6,2
2017-06-04,49.87,50.09,49.87,49.95,333,2017,6,4
2017-06-05,49.96,50.74,49.04,49.48,170007,2017,6,5
2017-06-06,49.57,50.3,49.0,49.97,179622,2017,6,6
2017-06-07,49.97,50.14,47.96,48.2,256361,2017,6,7
2017-06-08,48.26,48.6,47.56,47.87,201137,2017,6,8
2017-06-09,47.79,48.56,47.4,48.3,159725,2017,6,9
2017-06-11,48.06,48.35,48.03,48.33,289,2017,6,11
2017-06-12,48.33,49.15,48.01,48.27,162424,2017,6,12
2017-06-13,48.32,48.82,47.87,48.23,148570,2017,6,13
2017-06-14,48.18,48.69,46.74,46.9,245841,2017,6,14
2017-06-15,46.8,47.2,46.7,46.79,145329,2017,6,15
2017-06-16,46.82,47.61,46.81,47.27,113395,2017,6,16
2017-06-18,47.21,47.34,47.21,47.25,100,2017,6,18
2017-06-19,47.28,47.76,46.77,46.81,124946,2017,6,19
2017-06-20,46.96,47.23,45.42,45.84,195463,2017,6,20
2017-06-21,45.89,46.63,44.35,44.78,206285,2017,6,21
2017-06-22,44.81,45.79,44.53,45.29,140597,2017,6,22
2017-06-23,45.28,45.75,45.03,45.61,82797,2017,6,23
2017-06-25,45.71,46.1,45.71,45.98,903,2017,6,25
2017-06-26,45.96,46.42,45.26,46.14,79215,2017,6,26
2017-06-27,46.1,47.3,46.0,46.46,115491,2017,6,27
2017-06-28,46.54,47.7,46.54,47.66,148517,2017,6,28
2017-06-29,47.61,48.27,47.34,47.5,172035,2017,6,29
2017-06-30,47.6,49.0,47.6,48.94,174771,2017,6,30
2017-07-02,48.95,49.0,48.86,48.92,459,2017,7,2
2017-07-03,48.94,49.71,48.54,49.6,145344,2017,7,3
2017-07-04,49.63,49.9,49.29,49.68,68406,2017,7,4
2017-07-05,49.67,49.84,47.0,48.34,240146,2017,7,5
2017-07-06,48.28,49.18,47.77,47.97,201144,2017,7,6
2017-07-07,47.76,47.76,46.28,46.9,222223,2017,7,7
2017-07-09,47.04,47.07,46.86,46.88,350,2017,7,9
2017-07-10,46.95,47.38,46.11,46.99,146808,2017,7,10
2017-07-11,46.99,48.21,46.29,48.1,172128,2017,7,11
2017-07-12,48.21,48.79,47.35,47.71,195304,2017,7,12
2017-07-13,47.7,48.53,47.18,48.37,139758,2017,7,13
2017-07-14,48.37,49.11,48.15,49.09,147488,2017,7,14
2017-07-16,49.14,49.14,49.01,49.03,199,2017,7,16
2017-07-17,49.04,49.26,48.31,48.37,113985,2017,7,17
2017-07-18,48.4,49.41,48.24,48.7,143694,2017,7,18
2017-07-19,48.71,49.81,48.58,49.57,165111,2017,7,19
2017-07-20,49.65,50.19,49.19,49.28,155467,2017,7,20
2017-07-21,49.33,49.65,47.81,47.96,164513,2017,7,21
2017-07-23,47.93,48.06,47.93,48.03,270,2017,7,23
2017-07-24,48.02,48.77,47.68,48.71,133619,2017,7,24
2017-07-25,48.64,51.03,48.63,50.84,151370,2017,7,25
2017-07-26,50.74,51.2,50.23,51.01,106689,2017,7,26
2017-07-27,51.0,51.67,50.58,51.63,129752,2017,7,27
2017-07-28,51.58,52.35,51.33,52.32,153419,2017,7,28
2017-07-30,52.38,52.51,52.34,52.43,868,2017,7,30
2017-07-31,52.42,52.9,51.78,52.68,182257,2017,7,31
2017-08-01,52.7,52.93,50.88,51.47,200989,2017,8,1
2017-08-02,51.38,52.43,51.18,52.29,184741,2017,8,2
2017-08-03,52.24,52.89,51.77,51.93,160510,2017,8,3
2017-08-04,51.97,52.52,51.43,52.46,150967,2017,8,4
2017-08-06,52.39,52.53,52.38,52.42,104,2017,8,6
2017-08-07,52.42,52.53,51.37,52.3,157288,2017,8,7
2017-08-08,52.24,52.73,51.82,51.99,140942,2017,8,8
2017-08-09,51.99,52.85,51.81,52.82,141519,2017,8,9
2017-08-10,52.72,53.64,51.67,51.82,215117,2017,8,10
2017-08-11,51.94,52.28,51.3,52.05,146409,2017,8,11
2017-08-13,52.02,52.05,51.97,52.05,203,2017,8,13
2017-08-14,52.05,52.38,50.55,50.62,160766,2017,8,14
2017-08-15,50.65,51.15,50.02,51.0,164529,2017,8,15
2017-08-16,50.98,51.4,50.15,50.4,157385,2017,8,16
2017-08-17,50.4,51.12,50.0,50.8,165677,2017,8,17
2017-08-18,50.89,52.96,50.78,52.86,190850,2017,8,18
2017-08-20,52.9,52.9,52.77,52.8,53,2017,8,20
2017-08-21,52.81,52.85,51.3,51.7,165857,2017,8,21
2017-08-22,51.78,52.28,51.39,51.67,147615,2017,8,22
2017-08-23,51.68,52.63,51.45,52.52,142490,2017,8,23
2017-08-24,52.55,52.71,51.61,52.13,123758,2017,8,24
2017-08-25,52.3,52.68,51.91,51.91,108861,2017,8,25
2017-08-27,52.26,52.44,52.25,52.35,1416,2017,8,27
2017-08-28,52.35,52.41,51.07,51.61,96309,2017,8,28
2017-08-29,51.54,51.79,50.98,51.6,135093,2017,8,29
2017-08-30,51.65,51.69,50.52,50.67,197737,2017,8,30
2017-08-31,50.53,52.9,50.49,52.77,258068,2017,8,31
2017-09-01,52.84,52.95,52.24,52.69,152091,2017,9,1
2017-09-03,52.85,52.85,52.43,52.44,1065,2017,9,3
2017-09-04,52.45,52.79,51.99,52.2,73820,2017,9,4
2017-09-05,52.3,53.66,52.09,53.19,180615,2017,9,5
2017-09-06,53.16,54.31,53.09,54.17,168636,2017,9,6
2017-09-07,54.13,54.67,53.89,54.5,162378,2017,9,7
2017-09-08,54.54,54.87,53.57,53.75,166923,2017,9,8
2017-09-10,53.82,53.96,53.78,53.9,275,2017,9,10
2017-09-11,53.91,54.14,53.05,53.93,139627,2017,9,11
2017-09-12,53.77,54.44,53.42,54.28,122652,2017,9,12
2017-09-13,54.18,55.21,54.03,55.08,140928,2017,9,13
2017-09-14,55.02,55.99,54.93,55.28,147177,2017,9,14
2017-09-15,55.29,55.85,54.86,55.48,123136,2017,9,15
2017-09-17,55.59,55.59,55.47,55.51,128,2017,9,17
2017-09-18,55.49,55.95,54.82,55.44,136077,2017,9,18
2017-09-19,55.48,55.89,54.89,55.4,116744,2017,9,19
2017-09-20,55.35,56.48,55.26,56.18,156910,2017,9,20
2017-09-21,56.17,56.53,55.76,56.45,102271,2017,9,21
2017-09-22,56.5,56.91,56.22,56.9,92354,2017,9,22
2017-09-24,56.87,56.91,56.81,56.88,424,2017,9,24
2017-09-25,56.89,59.25,56.7,58.52,123467,2017,9,25
2017-09-26,58.55,58.88,57.22,58.03,170502,2017,9,26
2017-09-27,58.11,58.34,57.25,57.32,165989,2017,9,27
2017-09-28,57.39,58.28,56.56,57.27,221079,2017,9,28
2017-09-29,57.29,57.43,56.44,56.53,175274,2017,9,29
2017-10-01,56.73,56.76,56.6,56.72,647,2017,10,1
2017-10-02,56.72,56.75,55.5,56.07,193277,2017,10,2
2017-10-03,56.1,56.4,55.7,55.72,144069,2017,10,3
2017-10-04,55.67,56.2,55.38,55.74,178069,2017,10,4
2017-10-05,55.77,57.24,55.7,56.99,172050,2017,10,5
2017-10-06,56.99,57.28,55.13,55.68,220832,2017,10,6
2017-10-08,55.5,55.66,55.47,55.65,675,2017,10,8
2017-10-09,55.64,55.98,55.06,55.77,142060,2017,10,9
2017-10-10,55.78,56.91,55.73,56.55,144595,2017,10,10
2017-10-11,56.56,57.09,56.14,56.67,149342,2017,10,11
2017-10-12,56.74,56.83,55.88,56.4,168657,2017,10,12
2017-10-13,56.44,57.57,56.34,57.2,165931,2017,10,13
2017-10-15,57.28,57.9,57.12,57.75,2850,2017,10,15
2017-10-16,57.75,58.47,57.53,57.92,170426,2017,10,16
2017-10-17,57.78,58.35,57.18,58.11,182415,2017,10,17
2017-10-18,58.16,58.54,57.74,58.2,146167,2017,10,18
2017-10-19,58.24,58.3,57.02,57.33,176187,2017,10,19
2017-10-20,57.32,57.94,56.6,57.94,171989,2017,10,20
2017-10-22,57.95,58.05,57.92,57.98,473,2017,10,22
2017-10-23,57.98,58.02,57.27,57.33,135819,2017,10,23
2017-10-24,57.41,58.57,57.04,58.53,155478,2017,10,24
2017-10-25,58.44,58.74,57.85,58.24,137285,2017,10,25
2017-10-26,58.22,59.29,57.84,59.22,93574,2017,10,26
2017-10-27,59.14,60.35,58.58,60.21,170857,2017,10,27
2017-10-29,60.23,60.52,60.17,60.38,2484,2017,10,29
2017-10-30,60.38,60.7,59.91,60.53,143265,2017,10,30
2017-10-31,60.55,61.19,60.25,61.18,167453,2017,10,31
2017-11-01,61.07,61.7,60.0,60.49,203419,2017,11,1
2017-11-02,60.5,60.86,60.02,60.62,156143,2017,11,2
2017-11-03,60.88,62.23,60.6,62.07,163226,2017,11,3
2017-11-05,62.07,62.44,62.07,62.34,1714,2017,11,5
2017-11-06,62.31,64.44,62.14,64.27,204292,2017,11,6
2017-11-07,64.12,64.65,63.5,63.69,194611,2017,11,7
2017-11-08,63.69,64.64,62.95,63.49,202794,2017,11,8
2017-11-09,63.52,64.25,63.26,63.93,163815,2017,11,9
2017-11-10,63.8,64.27,63.35,63.52,140364,2017,11,10
2017-11-12,63.52,63.77,63.52,63.7,228,2017,11,12
2017-11-13,63.68,63.7,62.61,63.16,149295,2017,11,13
2017-11-14,63.06,63.17,61.21,62.21,218101,2017,11,14
2017-11-15,61.55,62.13,61.3,61.87,139579,2017,11,15
2017-11-16,61.88,62.15,61.25,61.36,141262,2017,11,16
2017-11-17,61.41,62.92,61.08,62.72,163150,2017,11,17
2017-11-19,62.72,62.8,62.52,62.54,480,2017,11,19
2017-11-20,62.54,62.7,61.44,62.22,139737,2017,11,20
2017-11-21,62.1,62.87,62.07,62.57,137199,2017,11,21
2017-11-22,62.78,63.43,62.62,63.32,134864,2017,11,22
2017-11-23,63.24,63.57,62.88,63.55,52332,2017,11,23
2017-11-24,63.35,63.95,63.28,63.86,77461,2017,11,24
2017-11-26,63.47,63.58,63.37,63.41,343,2017,11,26
2017-11-27,63.41,63.52,62.7,63.38,85970,2017,11,27
2017-11-28,63.33,63.44,62.71,63.24,124358,2017,11,28
2017-11-29,63.02,63.59,61.93,62.53,218992,2017,11,29
2017-11-30,62.52,63.41,62.15,62.63,261489,2017,11,30
2017-12-01,62.74,64.32,62.59,63.73,199684,2017,12,1
2017-12-03,63.5,63.68,63.48,63.58,369,2017,12,3
2017-12-04,63.58,63.61,62.31,62.45,140144,2017,12,4
2017-12-05,62.45,63.15,62.12,62.86,131239,2017,12,5
2017-12-06,62.64,62.93,61.13,61.22,177150,2017,12,6
2017-12-07,61.3,62.26,61.15,62.2,124787,2017,12,7
2017-12-08,62.08,63.64,62.01,63.4,172343,2017,12,8
2017-12-10,63.29,63.3,63.13,63.15,433,2017,12,10
2017-12-11,63.16,64.93,62.99,64.69,176083,2017,12,11
2017-12-12,64.66,65.83,63.07,63.34,249573,2017,12,12
2017-12-13,63.8,64.32,62.36,62.44,173048,2017,12,13
2017-12-14,62.81,63.5,62.01,63.31,153499,2017,12,14
2017-12-15,63.39,63.68,63.08,63.23,101689,2017,12,15
2017-12-17,63.36,63.39,63.29,63.32,196,2017,12,17
2017-12-18,63.31,63.91,63.0,63.41,108489,2017,12,18
2017-12-19,63.41,63.91,63.3,63.8,81627,2017,12,19
2017-12-20,63.83,64.6,63.67,64.56,102982,2017,12,20
2017-12-21,64.49,64.93,64.2,64.9,84077,2017,12,21
2017-12-22,64.63,65.28,64.38,65.25,57332,2017,12,22
2017-12-26,64.74,66.54,64.48,66.46,75186,2017,12,26
2017-12-27,66.19,66.38,65.46,65.99,107957,2017,12,27
2017-12-28,66.01,66.32,65.71,66.16,103478,2017,12,28
2017-12-29,66.15,66.98,66.15,66.87,107269,2017,12,29
2018-01-02,66.55,67.29,66.24,66.57,108458,2018,1,2
2018-01-03,66.54,68.03,66.4,67.84,138501,2018,1,3
2018-01-04,67.89,68.27,67.62,68.07,135444,2018,1,4
2018-01-05,67.97,68.11,67.26,67.62,105464,2018,1,5
2018-01-07,67.8,67.87,67.77,67.79,239,2018,1,7
2018-01-08,67.78,67.99,67.44,67.78,101873,2018,1,8
2018-01-09,68.0,69.29,67.7,68.82,161832,2018,1,9
2018-01-10,69.12,69.37,68.75,69.2,142954,2018,1,10
2018-01-11,69.15,70.05,69.0,69.26,171282,2018,1,11
2018-01-12,69.15,69.93,68.59,69.87,157523,2018,1,12
2018-01-14,69.88,69.91,69.67,69.72,264,2018,1,14
2018-01-15,69.73,70.37,69.55,70.26,88489,2018,1,15
2018-01-16,70.05,70.13,68.83,69.15,171742,2018,1,16
2018-01-17,69.35,69.59,68.55,69.38,149880,2018,1,17
2018-01-18,69.53,69.63,68.8,69.31,126901,2018,1,18
2018-01-19,69.01,69.08,68.28,68.61,160192,2018,1,19
2018-01-21,68.8,68.81,68.56,68.74,656,2018,1,21
2018-01-22,68.76,69.51,68.39,69.03,133983,2018,1,22
2018-01-23,69.17,70.24,69.12,69.96,143806,2018,1,23
2018-01-24,69.97,70.94,69.54,70.53,140504,2018,1,24
2018-01-25,70.95,71.28,69.58,69.97,136169,2018,1,25
2018-01-26,69.69,70.44,69.62,70.15,76120,2018,1,26
2018-01-28,70.18,70.18,69.99,70.1,335,2018,1,28
2018-01-29,70.09,70.27,68.75,69.2,130211,2018,1,29
2018-01-30,69.01,69.1,68.0,68.52,172466,2018,1,30
2018-01-31,67.99,69.0,67.81,68.89,166831,2018,1,31
2018-02-01,68.96,69.97,68.81,69.65,154932,2018,2,1
2018-02-02,70.0,70.02,67.96,68.58,165102,2018,2,2
2018-02-04,68.15,68.28,68.05,68.12,497,2018,2,4
2018-02-05,68.11,68.46,66.9,67.62,204486,2018,2,5
2018-02-06,67.02,67.6,66.53,66.86,197475,2018,2,6
2018-02-07,67.2,67.72,65.16,65.51,254557,2018,2,7
2018-02-08,65.28,65.6,64.1,64.81,199922,2018,2,8
2018-02-09,64.44,64.64,61.77,62.79,267641,2018,2,9
2018-02-11,62.5,62.93,62.5,62.84,931,2018,2,11
2018-02-12,62.83,64.4,62.56,62.59,193171,2018,2,12
2018-02-13,62.85,63.1,61.76,62.72,178239,2018,2,13
2018-02-14,62.84,64.58,61.95,64.36,177134,2018,2,14
2018-02-15,64.44,65.15,63.12,64.33,181932,2018,2,15
2018-02-16,64.66,65.22,64.19,64.84,145396,2018,2,16
2018-02-18,64.96,65.06,64.84,65.06,267,2018,2,18
2018-02-19,65.03,65.9,65.01,65.67,65181,2018,2,19
2018-02-20,65.64,65.81,64.78,65.25,119577,2018,2,20
2018-02-21,65.05,65.53,64.4,65.42,106419,2018,2,21
2018-02-22,64.91,66.56,64.62,66.39,142864,2018,2,22
2018-02-23,66.3,67.37,65.79,67.31,111730,2018,2,23
2018-02-25,67.02,67.04,66.99,67.02,283,2018,2,25
2018-02-26,66.99,67.67,66.49,67.29,104120,2018,2,26
2018-02-27,67.36,67.42,66.22,66.52,136462,2018,2,27
2018-02-28,66.29,66.8,64.5,64.73,202456,2018,2,28
2018-03-01,64.57,65.04,63.19,63.83,225276,2018,3,1
2018-03-02,64.07,64.64,63.2,64.37,141178,2018,3,2
2018-03-04,64.65,64.82,64.59,64.67,925,2018,3,4
2018-03-05,64.74,65.88,64.1,65.54,144129,2018,3,5
2018-03-06,65.74,66.16,65.3,65.79,124424,2018,3,6
2018-03-07,65.23,65.8,63.83,64.34,162929,2018,3,7
2018-03-08,64.51,64.56,63.43,63.61,125820,2018,3,8
2018-03-09,63.93,65.63,63.69,65.49,134808,2018,3,9
2018-03-11,65.5,65.69,65.47,65.64,541,2018,3,11
2018-03-12,65.65,65.86,64.18,64.95,117904,2018,3,12
2018-03-13,64.92,65.68,64.05,64.64,154040,2018,3,13
2018-03-14,64.73,65.21,64.06,64.89,138787,2018,3,14
2018-03-15,64.9,65.38,64.61,65.12,107732,2018,3,15
2018-03-16,65.07,66.42,64.88,65.99,94121,2018,3,16
2018-03-18,66.01,66.15,65.98,66.0,262,2018,3,18
2018-03-19,66.0,66.39,65.39,66.1,106083,2018,3,19
2018-03-20,66.15,67.88,66.15,67.59,160953,2018,3,20
2018-03-21,67.61,69.86,67.48,69.82,188277,2018,3,21
2018-03-22,69.63,69.7,68.58,68.84,140291,2018,3,22
2018-03-23,69.11,70.57,68.87,70.36,147621,2018,3,23
2018-03-25,69.95,70.04,69.68,69.85,479,2018,3,25
2018-03-26,69.86,70.4,69.11,69.52,95146,2018,3,26
2018-03-27,69.6,70.4,68.79,68.89,127761,2018,3,27
2018-03-28,69.05,69.46,67.97,69.0,146613,2018,3,28
2018-03-29,69.03,69.77,68.22,69.35,151939,2018,3,29
2018-04-01,69.32,69.59,69.32,69.51,427,2018,4,1
2018-04-02,69.51,70.04,67.49,67.57,122435,2018,4,2
2018-04-03,67.63,68.46,67.62,68.18,127965,2018,4,3
2018-04-04,68.15,68.28,66.69,68.28,211827,2018,4,4
2018-04-05,68.36,68.93,67.73,68.5,135389,2018,4,5
2018-04-06,68.09,68.62,66.89,66.93,132314,2018,4,6
2018-04-08,67.1,67.26,67.0,67.23,492,2018,4,8
2018-04-09,67.21,68.8,67.12,68.6,132574,2018,4,9
2018-04-10,68.46,71.34,68.46,71.04,218658,2018,4,10
2018-04-11,71.03,73.09,70.57,71.95,257206,2018,4,11
2018-04-12,72.09,72.49,71.1,72.2,173373,2018,4,12
2018-04-13,71.94,72.88,71.56,72.62,173388,2018,4,13
2018-04-15,72.7,72.85,72.11,72.27,2301,2018,4,15
2018-04-16,72.28,72.32,71.11,71.57,156811,2018,4,16
2018-04-17,71.65,71.89,70.83,71.7,158719,2018,4,17
2018-04-18,71.72,73.92,71.66,73.79,188666,2018,4,18
2018-04-19,73.72,74.75,73.46,73.6,184251,2018,4,19
2018-04-20,73.94,74.2,72.83,73.71,164029,2018,4,20
2018-04-22,73.77,74.0,73.76,74.0,413,2018,4,22
2018-04-23,74.0,75.1,73.13,75.02,150786,2018,4,23
2018-04-24,75.09,75.47,73.68,73.86,156133,2018,4,24
2018-04-25,74.0,74.19,73.17,73.28,141968,2018,4,25
2018-04-26,73.38,74.16,73.32,73.9,124016,2018,4,26
2018-04-27,73.85,74.14,73.45,73.7,116413,2018,4,27
2018-04-29,73.74,74.03,73.45,73.71,1103,2018,4,29
2018-04-30,73.71,75.61,72.81,74.7,238758,2018,4,30
2018-05-01,74.65,74.98,72.74,73.38,182912,2018,5,1
2018-05-02,73.28,73.63,72.38,73.07,202722,2018,5,2
2018-05-03,73.07,74.09,72.47,73.68,184823,2018,5,3
2018-05-04,73.74,75.08,73.24,75.0,173354,2018,5,4
2018-05-06,75.0,75.14,74.95,75.0,292,2018,5,6
2018-05-07,75.0,76.34,74.83,75.56,142710,2018,5,7
2018-05-08,75.6,76.18,73.1,75.95,293625,2018,5,8
2018-05-09,76.19,77.43,76.08,77.38,209114,2018,5,9
2018-05-10,77.44,78.0,76.51,77.53,172973,2018,5,10
2018-05-11,77.55,77.6,76.95,77.18,130095,2018,5,11
2018-05-13,77.05,77.1,76.86,77.06,705,2018,5,13
2018-05-14,77.07,78.53,76.55,78.52,160958,2018,5,14
2018-05-15,78.42,79.47,77.9,78.13,222853,2018,5,15
2018-05-16,78.1,79.35,77.61,79.33,165070,2018,5,16
2018-05-17,79.26,80.5,79.12,79.57,187802,2018,5,17
2018-05-18,79.46,79.87,78.33,78.71,147841,2018,5,18
2018-05-20,78.61,78.99,78.53,78.9,568,2018,5,20
2018-05-21,78.89,79.59,78.1,79.41,125195,2018,5,21
2018-05-22,79.36,80.49,79.16,79.45,168533,2018,5,22
2018-05-23,79.47,79.85,78.21,79.71,173565,2018,5,23
2018-05-24,79.65,79.78,78.57,78.82,129298,2018,5,24
2018-05-25,78.82,78.88,76.01,76.45,194021,2018,5,25
2018-05-27,76.15,76.18,75.71,76.05,1310,2018,5,27
2018-05-28,76.04,76.07,74.53,75.34,72524,2018,5,28
2018-05-29,75.82,76.23,74.67,75.54,136305,2018,5,29
2018-05-30,75.5,77.96,74.91,77.86,200655,2018,5,30
2018-05-31,77.65,79.18,76.96,77.61,250120,2018,5,31
2018-06-01,77.71,77.95,76.35,76.71,170801,2018,6,1
2018-06-03,76.66,76.69,76.47,76.55,390,2018,6,3
2018-06-04,76.48,76.95,75.2,75.37,162766,2018,6,4
2018-06-05,75.4,75.74,73.81,74.96,207006,2018,6,5
2018-06-06,75.19,76.25,74.46,75.86,190361,2018,6,6
2018-06-07,75.88,77.45,75.44,77.44,166670,2018,6,7
2018-06-08,77.39,77.61,76.12,76.34,141779,2018,6,8
2018-06-10,76.3,76.41,76.2,76.32,259,2018,6,10
2018-06-11,76.3,76.84,75.52,76.36,128462,2018,6,11
2018-06-12,76.5,77.07,75.43,75.43,132564,2018,6,12
2018-06-13,75.4,76.87,75.26,76.56,166711,2018,6,13
2018-06-14,76.56,76.92,75.76,75.9,133435,2018,6,14
2018-06-15,75.98,76.06,73.0,73.0,177179,2018,6,15
2018-06-17,73.06,73.26,73.0,73.04,1463,2018,6,17
2018-06-18,73.04,75.49,72.45,75.46,187858,2018,6,18
2018-06-19,75.24,75.55,74.45,75.07,135423,2018,6,19
2018-06-20,75.2,75.86,74.1,74.3,195177,2018,6,20
2018-06-21,74.46,74.69,72.93,73.4,186270,2018,6,21
2018-06-22,73.24,75.83,73.24,75.53,216175,2018,6,22
2018-06-24,74.8,75.08,74.0,74.17,3787,2018,6,24
2018-06-25,74.22,75.13,73.74,74.57,131277,2018,6,25
2018-06-26,74.57,76.55,73.97,76.48,169282,2018,6,26
2018-06-27,76.41,78.0,76.11,77.13,183406,2018,6,27
2018-06-28,77.35,78.2,77.07,77.55,161026,2018,6,28
2018-06-29,77.54,79.56,77.16,79.12,241478,2018,6,29
2018-07-01,78.55,78.75,77.99,78.69,2166,2018,7,1
2018-07-02,78.67,78.95,77.16,77.49,158045,2018,7,2
2018-07-03,77.4,78.55,76.67,77.88,170901,2018,7,3
2018-07-04,77.89,78.28,77.61,78.16,65654,2018,7,4
2018-07-05,78.14,78.5,77.3,77.54,151742,2018,7,5
2018-07-06,77.57,77.68,76.36,77.29,163961,2018,7,6
2018-07-08,77.21,77.29,77.12,77.22,298,2018,7,8
2018-07-09,77.19,78.31,77.04,78.18,116224,2018,7,9
2018-07-10,78.25,79.51,78.15,78.86,163885,2018,7,10
2018-07-11,78.78,78.83,73.04,74.17,316026,2018,7,11
2018-07-12,74.17,75.1,72.67,74.53,229729,2018,7,12
2018-07-13,74.34,75.93,73.22,74.92,170300,2018,7,13
2018-07-15,74.92,75.14,74.9,75.13,455,2018,7,15
2018-07-16,75.13,75.37,71.52,71.87,211290,2018,7,16
2018-07-17,72.01,72.78,71.35,71.6,162327,2018,7,17
2018-07-18,71.74,73.28,71.19,73.06,172448,2018,7,18
2018-07-19,73.06,73.79,71.83,72.62,162361,2018,7,19
2018-07-20,72.65,73.47,72.26,73.0,130909,2018,7,20
2018-07-22,73.22,73.22,72.85,73.15,242,2018,7,22
2018-07-23,73.19,74.5,72.52,72.93,141767,2018,7,23
2018-07-24,72.91,74.0,72.68,73.75,109512,2018,7,24
2018-07-25,73.7,75.06,73.07,74.84,124383,2018,7,25
2018-07-26,74.81,75.3,74.32,75.06,96558,2018,7,26
2018-07-27,75.07,75.39,74.35,74.92,97780,2018,7,27
2018-07-29,74.94,74.94,74.73,74.83,125,2018,7,29
2018-07-30,74.82,75.79,74.64,75.35,112967,2018,7,30
2018-07-31,75.45,75.62,73.85,74.19,180173,2018,7,31
2018-08-01,74.07,74.12,72.13,72.62,181964,2018,8,1
2018-08-02,72.42,73.75,71.84,73.39,141181,2018,8,2
2018-08-03,73.37,73.73,72.48,73.42,116271,2018,8,3
2018-08-05,73.21,73.26,73.08,73.2,346,2018,8,5
2018-08-06,73.2,74.47,73.16,73.67,128470,2018,8,6
2018-08-07,73.61,74.9,73.57,74.46,122957,2018,8,7
2018-08-08,74.64,74.87,71.65,72.23,188855,2018,8,8
2018-08-09,72.16,72.89,71.86,72.03,120903,2018,8,9
2018-08-10,71.97,73.14,71.4,72.96,141182,2018,8,10
2018-08-12,73.0,73.0,72.69,73.0,568,2018,8,12
2018-08-13,73.0,73.09,71.04,72.83,136472,2018,8,13
2018-08-14,72.82,73.93,72.16,72.16,152019,2018,8,14
2018-08-15,72.22,72.44,70.3,70.81,172915,2018,8,15
2018-08-16,70.65,71.52,70.4,71.43,115789,2018,8,16
2018-08-17,71.37,72.49,71.25,71.86,120045,2018,8,17
2018-08-19,71.77,71.83,71.67,71.75,229,2018,8,19
2018-08-20,71.7,72.75,71.42,72.1,130027,2018,8,20
2018-08-21,72.15,72.95,72.05,72.82,104858,2018,8,21
2018-08-22,72.76,75.0,72.7,74.92,172256,2018,8,22
2018-08-23,74.72,74.87,74.21,74.71,107096,2018,8,23
2018-08-24,74.73,76.42,74.68,75.43,141905,2018,8,24
2018-08-26,75.83,76.0,75.83,75.99,69,2018,8,26
2018-08-27,75.99,76.64,75.71,76.56,41170,2018,8,27
2018-08-28,76.64,77.24,76.06,76.27,85675,2018,8,28
2018-08-29,76.34,77.75,76.01,77.69,117193,2018,8,29
2018-08-30,77.65,78.32,77.51,77.75,126624,2018,8,30
2018-08-31,77.81,78.22,77.23,77.71,142139,2018,8,31
2018-09-02,77.69,77.85,77.69,77.78,176,2018,9,2
2018-09-03,77.78,78.44,77.3,78.01,70988,2018,9,3
2018-09-04,78.19,79.72,77.44,77.86,192389,2018,9,4
2018-09-05,77.82,78.09,76.91,77.12,161641,2018,9,5
2018-09-06,77.02,77.77,75.64,76.63,169989,2018,9,6
2018-09-07,76.69,77.1,75.88,77.1,140108,2018,9,7
2018-09-09,77.08,77.3,77.04,77.25,421,2018,9,9
2018-09-10,77.24,77.92,76.9,77.36,140348,2018,9,10
2018-09-11,77.38,79.54,77.36,79.5,176596,2018,9,11
2018-09-12,79.42,80.13,78.75,79.75,198288,2018,9,12
2018-09-13,79.6,79.71,77.87,78.43,184764,2018,9,13
2018-09-14,78.45,78.94,77.37,78.1,147529,2018,9,14
2018-09-16,78.07,78.18,77.95,77.99,384,2018,9,16
2018-09-17,77.96,78.9,77.73,78.0,133786,2018,9,17
2018-09-18,77.78,79.73,77.46,78.9,181316,2018,9,18
2018-09-19,78.97,79.5,78.51,79.34,137302,2018,9,19
2018-09-20,79.44,79.83,78.51,78.71,138526,2018,9,20
2018-09-21,78.67,80.12,78.23,78.77,175785,2018,9,21
2018-09-23,78.97,79.87,78.97,79.71,2240,2018,9,23
2018-09-24,79.71,81.48,79.67,81.39,151661,2018,9,24
2018-09-25,81.35,82.55,80.87,80.89,133036,2018,9,25
2018-09-26,80.94,81.56,80.52,81.18,135640,2018,9,26
2018-09-27,81.25,81.9,80.84,81.3,158894,2018,9,27
2018-09-28,81.44,83.41,81.29,82.95,209132,2018,9,28
2018-09-30,82.79,83.05,82.73,82.98,450,2018,9,30
2018-10-01,82.97,85.45,82.55,84.95,220710,2018,10,1
2018-10-02,84.95,85.38,84.31,84.64,160896,2018,10,2
2018-10-03,84.79,86.74,84.01,86.1,229372,2018,10,3
2018-10-04,85.99,86.43,84.14,84.88,222335,2018,10,4
2018-10-05,84.89,85.12,83.92,84.11,176541,2018,10,5
2018-10-07,84.17,84.31,83.2,83.47,3556,2018,10,7
2018-10-08,83.49,83.99,82.66,83.76,169691,2018,10,8
2018-10-09,83.91,85.45,83.73,84.86,206327,2018,10,9
2018-10-10,84.98,85.17,82.26,82.65,191748,2018,10,10
2018-10-11,82.47,82.63,79.8,80.36,307768,2018,10,11
2018-10-12,80.28,81.48,79.23,80.6,219126,2018,10,12
2018-10-14,81.0,81.92,80.93,81.67,3870,2018,10,14
2018-10-15,81.67,81.87,79.85,80.76,173197,2018,10,15
2018-10-16,80.88,81.75,79.8,81.56,176408,2018,10,16
2018-10-17,81.74,81.85,79.17,80.36,205029,2018,10,17
2018-10-18,80.23,80.31,78.69,79.35,205703,2018,10,18
2018-10-19,79.44,80.88,79.22,80.02,161129,2018,10,19
2018-10-21,80.11,80.15,79.67,79.67,681,2018,10,21
2018-10-22,79.67,80.41,78.99,79.98,133220,2018,10,22
2018-10-23,80.04,80.12,75.88,76.24,282948,2018,10,23
2018-10-24,76.35,77.57,75.11,75.68,202264,2018,10,24
2018-10-25,75.67,77.08,75.35,76.7,120423,2018,10,25
2018-10-26,76.64,77.94,75.8,77.82,107168,2018,10,26
2018-10-28,77.64,77.82,77.55,77.74,420,2018,10,28
2018-10-29,77.76,78.0,76.59,76.87,121798,2018,10,29
2018-10-30,76.94,77.39,75.26,76.18,186696,2018,10,30
2018-10-31,76.34,77.13,74.58,74.59,217143,2018,10,31
2018-11-01,74.69,74.99,72.56,72.75,236938,2018,11,1
2018-11-02,72.75,73.5,72.16,72.62,201928,2018,11,2
2018-11-04,72.85,72.85,72.55,72.69,297,2018,11,4
2018-11-05,72.67,74.13,72.26,72.71,146334,2018,11,5
2018-11-06,72.85,73.28,71.18,71.65,180209,2018,11,6
2018-11-07,71.66,73.55,71.36,72.0,231186,2018,11,7
2018-11-08,72.1,73.08,70.56,70.96,189597,2018,11,8
2018-11-09,70.87,70.99,69.13,69.88,188759,2018,11,9
2018-11-11,70.69,71.07,70.53,71.01,3588,2018,11,11
2018-11-12,71.01,71.88,68.87,68.97,191531,2018,11,12
2018-11-13,69.13,69.68,64.61,65.35,309181,2018,11,13
2018-11-14,65.62,67.63,65.02,65.86,254484,2018,11,14
2018-11-15,66.12,67.42,65.77,66.63,189232,2018,11,15
2018-11-16,66.68,68.38,66.06,67.1,198179,2018,11,16
2018-11-18,67.36,67.36,67.28,67.32,54,2018,11,18
2018-11-19,67.31,67.64,65.27,67.01,170098,2018,11,19
2018-11-20,66.9,66.9,61.71,62.44,266650,2018,11,20
2018-11-21,62.6,64.48,62.56,63.46,197759,2018,11,21
2018-11-22,63.6,63.81,62.27,62.52,80887,2018,11,22
2018-11-23,62.58,62.79,58.41,59.19,186684,2018,11,23
2018-11-25,59.19,59.63,58.83,59.39,534,2018,11,25
2018-11-26,59.39,61.22,59.15,60.55,89555,2018,11,26
2018-11-27,60.49,61.51,59.11,61.04,133518,2018,11,27
2018-11-28,60.84,61.42,58.86,58.96,207244,2018,11,28
2018-11-29,59.45,60.72,57.78,59.7,229400,2018,11,29
2018-11-30,59.76,60.42,58.04,59.07,249359,2018,11,30
2018-12-02,59.98,60.85,59.85,60.79,2894,2018,12,2
2018-12-03,60.84,62.6,60.58,61.9,203647,2018,12,3
2018-12-04,61.9,63.58,61.24,61.31,201095,2018,12,4
2018-12-05,61.35,63.29,60.8,61.61,167239,2018,12,5
2018-12-06,61.36,61.97,58.36,60.31,308200,2018,12,6
2018-12-07,60.25,63.73,59.1,61.4,322101,2018,12,7
2018-12-09,61.34,61.95,61.32,61.8,850,2018,12,9
2018-12-10,61.78,62.33,59.61,59.81,170857,2018,12,10
2018-12-11,59.91,61.1,59.58,60.46,150837,2018,12,11
2018-12-12,60.67,61.43,59.98,60.18,149889,2018,12,12
2018-12-13,60.29,62.02,59.33,61.71,165788,2018,12,13
2018-12-14,61.53,61.58,59.92,60.25,134635,2018,12,14
2018-12-16,60.25,60.42,60.21,60.3,329,2018,12,16
2018-12-17,60.31,61.21,58.64,58.66,149807,2018,12,17
2018-12-18,59.0,59.24,55.89,56.08,238641,2018,12,18
2018-12-19,56.51,58.11,56.04,56.55,185852,2018,12,19
2018-12-20,56.49,56.75,54.28,54.7,192621,2018,12,20
2018-12-21,54.97,55.33,52.79,53.5,157139,2018,12,21
2018-12-23,53.49,53.83,53.48,53.64,455,2018,12,23
2018-12-24,53.65,54.66,50.36,50.49,51770,2018,12,24
2018-12-26,51.33,55.59,50.22,55.18,126658,2018,12,26
2018-12-27,54.99,54.99,52.51,53.58,133429,2018,12,27
2018-12-28,53.96,54.41,52.0,52.8,167480,2018,12,28
2018-12-30,53.0,53.5,52.9,53.34,519,2018,12,30
2018-12-31,53.34,54.82,52.66,54.15,77041,2018,12,31
2019-01-02,54.12,56.56,52.51,54.68,201219,2019,1,2
2019-01-03,54.29,56.3,53.93,55.55,176701,2019,1,3
2019-01-04,55.67,58.31,55.34,57.42,180788,2019,1,4
2019-01-06,57.41,57.81,57.26,57.78,817,2019,1,6
2019-01-07,57.79,58.93,57.27,57.57,190885,2019,1,7
2019-01-08,57.64,58.87,57.13,58.59,164099,2019,1,8
2019-01-09,59.15,61.69,59.05,61.34,210843,2019,1,9
2019-01-10,61.15,61.91,60.44,61.18,183401,2019,1,10
2019-01-11,61.19,62.49,60.08,60.59,189850,2019,1,11
2019-01-13,60.62,61.04,60.62,60.74,862,2019,1,13
2019-01-14,60.77,60.87,58.9,59.32,156761,2019,1,14
2019-01-15,59.36,60.86,59.11,60.53,160470,2019,1,15
2019-01-16,60.42,61.45,60.03,61.3,176126,2019,1,16
2019-01-17,61.05,61.54,60.04,61.15,173585,2019,1,17
2019-01-18,61.33,63.0,61.32,62.58,171864,2019,1,18
2019-01-20,62.74,62.77,62.25,62.31,572,2019,1,20
2019-01-21,62.29,63.15,62.25,62.81,84975,2019,1,21
2019-01-22,62.59,62.71,60.57,61.61,172250,2019,1,22
2019-01-23,61.37,62.33,60.21,60.99,168355,2019,1,23
2019-01-24,61.02,61.51,60.41,61.19,141757,2019,1,24
2019-01-25,61.13,61.92,60.7,61.44,116337,2019,1,25
2019-01-27,61.48,61.48,61.16,61.16,252,2019,1,27
2019-01-28,61.16,61.63,59.4,59.95,100096,2019,1,28
2019-01-29,59.69,61.69,59.61,61.16,164928,2019,1,29
2019-01-30,61.07,62.51,60.96,61.66,173320,2019,1,30
2019-01-31,61.7,62.46,60.63,61.22,198700,2019,1,31
2019-02-01,61.06,62.97,60.46,62.9,169072,2019,2,1
2019-02-03,62.83,62.95,62.62,62.75,2086,2019,2,3
2019-02-04,62.8,63.63,61.28,62.82,175415,2019,2,4
2019-02-05,62.64,63.02,61.72,62.11,133132,2019,2,5
2019-02-06,62.06,62.8,61.05,62.55,142079,2019,2,6
2019-02-07,62.5,62.91,60.6,61.68,178505,2019,2,7
2019-02-08,61.66,62.36,61.04,61.97,131801,2019,2,8
2019-02-10,62.11,62.13,61.92,61.92,278,2019,2,10
2019-02-11,61.92,62.34,60.9,61.58,154655,2019,2,11
2019-02-12,61.59,63.34,61.59,62.61,175714,2019,2,12
2019-02-13,62.7,63.98,62.69,63.6,154760,2019,2,13
2019-02-14,63.69,64.81,63.25,64.56,190126,2019,2,14
2019-02-15,64.86,66.39,64.42,66.39,185303,2019,2,15
2019-02-17,66.39,66.61,66.35,66.53,673,2019,2,17
2019-02-18,66.53,66.83,65.9,66.5,97252,2019,2,18
2019-02-19,66.44,66.65,65.58,66.44,139372,2019,2,19
2019-02-20,66.3,67.38,65.63,67.18,145692,2019,2,20
2019-02-21,67.05,67.31,66.69,66.94,116689,2019,2,21
2019-02-22,66.96,67.73,66.87,66.91,99968,2019,2,22
2019-02-24,66.97,67.26,66.93,67.26,490,2019,2,24
2019-02-25,67.26,67.47,64.54,64.92,149827,2019,2,25
2019-02-26,64.92,65.88,64.49,65.79,121501,2019,2,26
2019-02-27,65.91,66.88,65.42,66.47,122941,2019,2,27
2019-02-28,66.52,66.78,65.9,66.28,135278,2019,2,28
2019-03-01,66.48,67.14,64.59,65.0,198342,2019,3,1
2019-03-03,64.97,65.46,64.93,65.22,1070,2019,3,3
2019-03-04,65.17,66.34,65.07,65.55,148438,2019,3,4
2019-03-05,65.46,66.23,65.04,65.57,127270,2019,3,5
2019-03-06,65.49,66.18,65.22,65.93,151704,2019,3,6
2019-03-07,65.88,67.0,65.75,66.09,163701,2019,3,7
2019-03-08,66.08,66.09,64.02,65.81,218324,2019,3,8
2019-03-10,65.76,65.9,65.64,65.8,711,2019,3,10
2019-03-11,65.79,66.75,65.63,66.63,134467,2019,3,11
2019-03-12,66.7,67.39,66.34,66.82,160465,2019,3,12
2019-03-13,66.91,67.76,66.7,67.64,137529,2019,3,13
2019-03-14,67.65,68.14,67.03,67.18,139310,2019,3,14
2019-03-15,67.18,67.71,66.13,67.02,142117,2019,3,15
2019-03-17,67.14,67.26,66.97,67.16,720,2019,3,17
2019-03-18,67.15,67.69,66.69,67.43,133818,2019,3,18
2019-03-19,67.49,68.2,67.13,67.71,136047,2019,3,19
2019-03-20,67.66,68.57,67.19,68.3,158376,2019,3,20
2019-03-21,68.38,68.69,67.59,67.74,136152,2019,3,21
2019-03-22,67.76,67.98,66.2,67.08,162899,2019,3,22
2019-03-24,67.0,67.17,66.83,66.88,412,2019,3,24
2019-03-25,66.88,67.65,66.36,66.9,113405,2019,3,25
2019-03-26,66.88,67.77,66.85,67.44,94068,2019,3,26
2019-03-27,67.35,67.7,66.61,67.3,151276,2019,3,27
2019-03-28,67.11,67.32,65.93,67.31,223205,2019,3,28
2019-03-29,67.29,68.3,67.15,67.55,211144,2019,3,29
2019-03-31,67.58,67.88,67.58,67.84,565,2019,3,31
2019-04-01,67.82,69.22,67.82,69.16,170586,2019,4,1
2019-04-02,69.22,69.58,68.69,69.57,183717,2019,4,2
2019-04-03,69.47,69.96,68.8,69.52,138645,2019,4,3
2019-04-04,69.44,70.03,68.87,69.31,175666,2019,4,4
2019-04-05,69.13,70.48,68.92,70.48,168633,2019,4,5
2019-04-07,70.56,70.76,70.53,70.68,1260,2019,4,7
2019-04-08,70.67,71.19,70.43,71.1,148359,2019,4,8
2019-04-09,71.19,71.34,70.3,70.83,145457,2019,4,9
2019-04-10,70.82,71.78,70.57,71.57,165647,2019,4,10
2019-04-11,71.56,71.68,70.57,70.98,158458,2019,4,11
2019-04-12,70.95,71.87,70.9,71.55,139945,2019,4,12
2019-04-14,71.55,71.6,71.28,71.35,466,2019,4,14
2019-04-15,71.36,71.58,70.78,71.3,104808,2019,4,15
2019-04-16,71.21,71.95,70.74,71.86,149434,2019,4,16
2019-04-17,71.83,72.27,71.45,71.64,145320,2019,4,17
2019-04-18,71.63,72.04,71.2,72.01,118357,2019,4,18
2019-04-21,71.93,72.25,71.86,72.25,995,2019,4,21
2019-04-22,72.24,74.52,72.24,74.25,180007,2019,4,22
2019-04-23,74.38,74.73,73.99,74.36,147745,2019,4,23
2019-04-24,74.27,74.73,74.02,74.55,124194,2019,4,24
2019-04-25,74.46,75.6,73.55,73.62,160908,2019,4,25
2019-04-26,73.55,73.65,70.6,71.13,256120,2019,4,26
2019-04-28,71.09,71.39,71.09,71.22,965,2019,4,28
2019-04-29,71.22,72.0,70.63,71.42,163039,2019,4,29
2019-04-30,71.44,72.79,71.19,71.66,212606,2019,4,30
2019-05-01,71.73,72.36,71.3,72.05,134180,2019,5,1
2019-05-02,72.0,72.22,69.68,70.35,233758,2019,5,2
2019-05-03,70.48,71.54,69.95,70.78,148004,2019,5,3
2019-05-05,70.59,70.64,69.22,69.66,5352,2019,5,5
2019-05-06,69.69,71.79,68.79,70.98,165590,2019,5,6
2019-05-07,71.15,71.33,68.7,68.81,203220,2019,5,7
2019-05-08,68.77,70.7,68.05,68.48,178804,2019,5,8
2019-05-09,68.49,70.65,68.31,68.71,170245,2019,5,9
2019-05-10,68.57,71.23,68.57,70.86,161544,2019,5,10
2019-05-12,69.09,70.91,68.63,70.43,2142,2019,5,12
2019-05-13,70.41,72.58,68.66,68.75,244939,2019,5,13
2019-05-14,68.72,71.65,68.65,69.26,186208,2019,5,14
2019-05-15,69.25,72.25,68.91,70.5,172317,2019,5,15
2019-05-16,70.49,73.36,70.24,71.09,194454,2019,5,16
2019-05-17,71.1,73.23,70.68,72.17,167719,2019,5,17
2019-05-19,70.51,73.14,70.51,72.9,3474,2019,5,19
2019-05-20,72.9,73.4,70.53,70.54,162710,2019,5,20
2019-05-21,70.55,72.52,69.97,69.99,159751,2019,5,21
2019-05-22,69.99,72.04,68.58,68.66,204830,2019,5,22
2019-05-23,68.65,70.97,66.27,66.42,267635,2019,5,23
2019-05-24,66.41,69.3,66.22,69.26,179345,2019,5,24
2019-05-26,66.89,68.02,66.42,67.97,1416,2019,5,26
2019-05-27,66.46,68.87,66.36,67.77,39241,2019,5,27
2019-05-28,67.81,69.23,67.16,67.23,105840,2019,5,28
2019-05-29,67.21,68.62,66.05,67.3,202867,2019,5,29
2019-05-30,67.26,68.34,63.75,63.77,233333,2019,5,30
2019-05-31,63.78,64.91,61.39,61.76,327833,2019,5,31
2019-06-02,60.81,61.68,59.71,60.71,7955,2019,6,2
2019-06-03,60.77,62.84,60.1,60.18,275934,2019,6,3
2019-06-04,60.19,62.12,59.47,60.8,251451,2019,6,4
2019-06-05,60.78,62.27,59.45,59.7,267457,2019,6,5
2019-06-06,59.72,62.43,59.07,61.41,150971,2019,6,6
2019-06-07,61.39,63.59,61.3,63.24,224552,2019,6,7
2019-06-09,62.58,64.1,62.05,63.89,4271,2019,6,9
2019-06-10,62.56,63.92,61.43,61.51,170563,2019,6,10
2019-06-11,61.51,62.87,60.46,60.49,177473,2019,6,11
2019-06-12,60.49,61.85,58.98,59.71,221633,2019,6,12
2019-06-13,59.69,62.64,59.44,60.83,301278,2019,6,13
2019-06-14,60.84,62.57,60.2,62.04,177265,2019,6,14
2019-06-16,61.05,62.29,60.87,62.17,3517,2019,6,16
2019-06-17,62.16,62.37,59.8,59.96,151713,2019,6,17
2019-06-18,59.96,62.84,59.51,61.42,209650,2019,6,18
2019-06-19,61.42,62.55,60.98,61.87,196089,2019,6,19
2019-06-20,61.86,64.82,61.85,64.7,245422,2019,6,20
2019-06-21,64.86,65.76,64.0,65.35,163127,2019,6,21
2019-06-23,65.5,65.59,65.31,65.4,532,2019,6,23
2019-06-24,65.4,65.79,64.08,64.78,128641,2019,6,24
2019-06-25,64.89,65.98,64.17,65.04,126872,2019,6,25
2019-06-26,65.1,66.02,64.77,65.53,177307,2019,6,26
2019-06-27,65.16,65.96,64.85,65.43,141915,2019,6,27
2019-06-28,65.53,65.91,64.02,64.55,196187,2019,6,28
2019-06-30,65.05,66.14,65.05,65.63,3685,2019,6,30
2019-07-01,65.63,66.75,64.22,65.22,233236,2019,7,1
2019-07-02,64.8,65.51,62.22,62.82,248745,2019,7,2
2019-07-03,62.9,64.01,62.09,63.86,187735,2019,7,3
2019-07-04,63.88,64.07,62.95,63.18,77830,2019,7,4
2019-07-05,63.27,64.52,62.91,64.44,142010,2019,7,5
2019-07-07,64.34,64.52,64.33,64.38,182,2019,7,7
2019-07-08,64.4,65.14,63.79,63.89,158192,2019,7,8
2019-07-09,63.81,64.75,63.76,64.54,155128,2019,7,9
2019-07-10,64.78,67.12,64.63,66.72,212721,2019,7,10
2019-07-11,66.81,67.65,66.43,66.81,174232,2019,7,11
2019-07-12,66.83,67.29,66.51,67.0,132553,2019,7,12
2019-07-14,66.87,66.87,66.63,66.72,585,2019,7,14
2019-07-15,66.74,67.47,66.11,66.19,152820,2019,7,15
2019-07-16,66.31,67.09,63.82,64.4,228302,2019,7,16
2019-07-17,64.44,65.28,63.22,63.6,189827,2019,7,17
2019-07-18,63.52,64.46,61.29,62.59,262416,2019,7,18
2019-07-19,62.5,63.37,61.83,62.65,190942,2019,7,19
2019-07-21,63.05,63.47,63.02,63.24,1113,2019,7,21
2019-07-22,63.19,64.03,62.77,63.3,161405,2019,7,22
2019-07-23,63.26,64.46,62.66,64.21,134131,2019,7,23
2019-07-24,64.13,64.66,62.59,63.13,167587,2019,7,24
2019-07-25,63.2,64.23,62.95,62.95,97432,2019,7,25
2019-07-26,63.17,63.77,62.92,63.27,91343,2019,7,26
2019-07-28,63.23,63.33,63.05,63.05,511,2019,7,28
2019-07-29,63.06,63.82,62.85,63.74,131702,2019,7,29
2019-07-30,63.8,65.1,63.78,64.96,168876,2019,7,30
2019-07-31,64.86,65.43,64.17,65.05,195127,2019,7,31
2019-08-01,64.09,64.54,60.02,60.5,264231,2019,8,1
2019-08-02,61.16,62.95,60.98,61.17,241275,2019,8,2
2019-08-04,61.89,61.89,61.15,61.33,1033,2019,8,4
2019-08-05,61.32,61.56,59.66,59.81,264132,2019,8,5
2019-08-06,59.56,60.56,58.55,58.94,219054,2019,8,6
2019-08-07,58.68,59.23,55.88,56.23,312074,2019,8,7
2019-08-08,57.48,58.01,56.77,57.75,195926,2019,8,8
2019-08-09,57.74,59.1,57.11,58.42,185855,2019,8,9
2019-08-11,58.3,58.48,58.21,58.27,432,2019,8,11
2019-08-12,58.29,58.88,57.88,58.37,134423,2019,8,12
2019-08-13,58.47,61.5,58.0,60.91,182806,2019,8,13
2019-08-14,61.07,61.08,58.21,58.99,216425,2019,8,14
2019-08-15,59.07,59.42,57.67,58.4,177762,2019,8,15
2019-08-16,58.41,59.5,58.28,58.64,123254,2019,8,16
2019-08-18,58.72,58.96,58.64,58.89,514,2019,8,18
2019-08-19,58.86,59.92,58.75,59.74,121452,2019,8,19
2019-08-20,59.68,60.32,58.95,60.05,145330,2019,8,20
2019-08-21,60.11,61.41,60.07,60.38,148186,2019,8,21
2019-08-22,60.43,60.89,59.47,60.05,126875,2019,8,22
2019-08-23,60.11,60.29,58.3,58.94,171378,2019,8,23
2019-08-25,57.96,58.15,57.74,57.81,1350,2019,8,25
2019-08-26,57.85,59.61,57.84,58.26,66198,2019,8,26
2019-08-27,58.26,59.7,58.06,59.59,83404,2019,8,27
2019-08-28,59.58,60.48,59.32,59.84,135180,2019,8,28
2019-08-29,59.89,60.6,59.42,60.37,152097,2019,8,29
2019-08-30,60.34,60.62,58.48,59.19,206139,2019,8,30
2019-09-01,58.8,59.1,58.6,58.84,1200,2019,9,1
2019-09-02,58.85,59.26,58.1,58.61,82501,2019,9,2
2019-09-03,58.54,58.87,57.23,58.27,175434,2019,9,3
2019-09-04,58.17,60.96,58.13,60.43,193222,2019,9,4
2019-09-05,60.49,62.4,60.25,60.8,177468,2019,9,5
2019-09-06,60.81,61.88,59.4,61.78,174720,2019,9,6
2019-09-08,61.6,61.95,61.6,61.79,685,2019,9,8
2019-09-09,61.79,63.0,61.57,62.71,149330,2019,9,9
2019-09-10,62.82,63.78,62.17,62.71,177542,2019,9,10
2019-09-11,62.88,63.27,60.52,61.02,188645,2019,9,11
2019-09-12,61.16,61.39,58.92,60.49,198001,2019,9,12
2019-09-13,60.45,60.81,59.6,60.25,112015,2019,9,13
2019-09-15,66.45,71.95,66.45,68.4,37596,2019,9,15
2019-09-16,68.37,69.67,64.75,68.02,454987,2019,9,16
2019-09-17,68.15,69.26,63.55,64.16,404612,2019,9,17
2019-09-18,64.23,64.99,63.04,63.55,188631,2019,9,18
2019-09-19,63.51,65.57,63.46,64.8,173373,2019,9,19
2019-09-20,65.0,65.28,64.05,64.77,125712,2019,9,20
2019-09-22,65.23,65.5,64.88,64.92,1485,2019,9,22
2019-09-23,64.93,65.18,63.53,64.38,108945,2019,9,23
2019-09-24,64.4,64.6,62.3,62.36,125844,2019,9,24
2019-09-25,62.44,62.81,61.24,61.56,112101,2019,9,25
2019-09-26,61.56,61.92,60.5,61.61,141199,2019,9,26
2019-09-27,61.5,61.82,59.83,61.18,212226,2019,9,27
2019-09-29,61.45,61.54,61.23,61.31,1236,2019,9,29
2019-09-30,61.31,61.36,59.19,59.43,154800,2019,9,30
2019-10-01,59.38,60.1,58.41,59.2,161939,2019,10,1
2019-10-02,59.25,59.5,57.22,57.52,179508,2019,10,2
2019-10-03,57.54,57.99,56.16,57.61,188485,2019,10,3
2019-10-04,57.69,58.96,57.67,58.43,163837,2019,10,4
2019-10-06,58.02,58.3,58.02,58.24,491,2019,10,6
2019-10-07,58.2,59.68,58.03,58.44,129353,2019,10,7
2019-10-08,58.47,58.92,57.38,58.12,162200,2019,10,8
2019-10-09,58.02,59.35,57.91,58.32,155568,2019,10,9
2019-10-10,58.04,59.6,57.8,59.53,143637,2019,10,10
2019-10-11,59.53,60.69,59.21,60.68,198420,2019,10,11
2019-10-13,60.69,60.73,60.49,60.51,545,2019,10,13
2019-10-14,60.52,60.62,58.5,59.16,158307,2019,10,14
2019-10-15,59.3,59.68,58.0,58.9,158381,2019,10,15
2019-10-16,58.9,59.75,58.36,59.06,136554,2019,10,16
2019-10-17,58.99,60.04,58.69,59.85,135345,2019,10,17
2019-10-18,59.78,60.29,59.01,59.3,140426,2019,10,18
2019-10-20,59.23,59.33,59.04,59.18,283,2019,10,20
2019-10-21,59.19,59.55,58.26,59.08,130235,2019,10,21
2019-10-22,59.05,60.26,58.75,59.6,142258,2019,10,22
2019-10-23,59.48,61.3,58.85,61.12,155995,2019,10,23
2019-10-24,60.99,61.9,60.64,61.42,120308,2019,10,24
2019-10-25,61.5,62.11,60.93,61.65,111528,2019,10,25
2019-10-27,61.76,61.86,61.63,61.77,256,2019,10,27
2019-10-28,61.76,62.09,60.91,61.27,71303,2019,10,28
2019-10-29,61.3,61.65,60.31,61.25,130382,2019,10,29
2019-10-30,61.23,61.55,60.02,60.21,153070,2019,10,30
2019-10-31,60.22,60.81,59.2,59.5,205054,2019,10,31
2019-11-01,59.45,61.82,59.4,61.55,161682,2019,11,1
2019-11-03,61.8,61.85,61.66,61.69,696,2019,11,3
2019-11-04,61.66,62.78,61.28,62.11,154367,2019,11,4
2019-11-05,62.04,63.19,61.85,62.97,133518,2019,11,5
2019-11-06,62.78,63.32,61.59,61.79,167812,2019,11,6
2019-11-07,61.77,62.89,61.65,62.38,145817,2019,11,7
2019-11-08,62.29,62.7,60.67,62.61,169368,2019,11,8
2019-11-10,62.6,62.61,62.27,62.4,897,2019,11,10
2019-11-11,62.4,62.76,61.57,62.3,121232,2019,11,11
2019-11-12,62.11,62.85,61.82,62.0,136642,2019,11,12
2019-11-13,61.85,62.74,61.22,62.63,153087,2019,11,13
2019-11-14,62.61,63.21,62.16,62.41,135519,2019,11,14
2019-11-15,62.47,63.65,61.7,63.45,152111,2019,11,15
2019-11-17,63.36,63.48,63.23,63.32,322,2019,11,17
2019-11-18,63.31,63.57,61.94,62.29,137633,2019,11,18
2019-11-19,62.28,62.57,60.7,60.81,175218,2019,11,19
2019-11-20,60.94,62.8,60.3,62.44,185280,2019,11,20
2019-11-21,62.22,64.03,61.92,63.73,147681,2019,11,21
2019-11-22,63.62,64.27,62.98,63.5,119758,2019,11,22
2019-11-24,63.6,63.62,63.42,63.58,293,2019,11,24
2019-11-25,63.57,63.8,62.48,62.58,87231,2019,11,25
2019-11-26,62.68,63.26,62.42,63.03,105468,2019,11,26
2019-11-27,62.96,63.58,62.46,63.09,128473,2019,11,27
2019-11-28,62.84,63.35,62.51,63.28,72480,2019,11,28
2019-11-29,63.2,63.2,60.35,60.73,184775,2019,11,29
2019-12-01,60.73,61.1,60.72,61.07,1953,2019,12,1
2019-12-02,61.08,62.09,60.75,60.89,174235,2019,12,2
2019-12-03,61.05,61.51,60.3,61.16,157206,2019,12,3
2019-12-04,61.08,63.51,61.0,63.03,213171,2019,12,4
2019-12-05,62.97,63.91,62.75,63.28,187049,2019,12,5
2019-12-06,63.41,64.87,62.83,64.27,188273,2019,12,6
2019-12-08,64.29,64.44,64.16,64.16,920,2019,12,8
2019-12-09,64.15,64.5,63.61,64.04,141212,2019,12,9
2019-12-10,64.03,64.69,63.78,64.18,129788,2019,12,10
2019-12-11,64.0,64.26,63.01,63.95,137915,2019,12,11
2019-12-12,63.9,64.84,63.87,64.48,116876,2019,12,12
2019-12-13,64.56,65.78,64.5,64.99,132306,2019,12,13
2019-12-15,65.05,65.07,64.88,64.89,509,2019,12,15
2019-12-16,64.89,65.66,64.88,65.29,103935,2019,12,16
2019-12-17,65.31,66.24,65.12,65.79,125215,2019,12,17
2019-12-18,65.84,66.43,65.56,66.15,123399,2019,12,18
2019-12-19,66.19,66.78,66.03,66.56,92330,2019,12,19
2019-12-20,66.56,66.72,65.7,66.1,107167,2019,12,20
2019-12-22,66.15,66.16,66.0,66.11,209,2019,12,22
2019-12-23,66.11,66.62,65.81,66.59,74441,2019,12,23
2019-12-24,66.44,67.26,66.36,67.21,51264,2019,12,24
2019-12-26,66.29,66.84,66.12,66.81,55782,2019,12,26
2019-12-27,66.8,67.08,66.36,66.81,103346,2019,12,27
2019-12-29,66.9,66.96,66.81,66.93,446,2019,12,29
2019-12-30,66.93,67.59,66.07,66.67,160894,2019,12,30
2019-12-31,66.65,66.93,65.63,66.03,122536,2019,12,31
2020-01-02,66.41,66.58,65.72,66.34,131465,2020,1,2
2020-01-03,66.28,69.5,66.22,68.71,298194,2020,1,3
2020-01-05,69.35,69.95,69.2,69.59,4518,2020,1,5
2020-01-06,69.58,70.74,68.21,68.55,214194,2020,1,6
2020-01-07,68.62,68.75,67.65,68.51,178779,2020,1,7
2020-01-08,71.22,71.75,64.94,65.77,335395,2020,1,8
2020-01-09,66.0,66.1,64.56,65.32,208526,2020,1,9
2020-01-10,65.29,65.66,64.86,65.1,162308,2020,1,10
2020-01-12,65.13,65.13,64.72,64.84,923,2020,1,12
2020-01-13,64.84,65.27,63.92,64.23,138828,2020,1,13
2020-01-14,64.29,65.05,63.92,64.46,136330,2020,1,14
2020-01-15,64.44,64.6,63.55,64.27,127365,2020,1,15
2020-01-16,64.26,64.97,63.9,64.67,123352,2020,1,16
2020-01-17,64.69,65.6,64.48,65.35,121635,2020,1,17
2020-01-19,65.98,66.0,65.45,65.72,3509,2020,1,19
2020-01-20,65.73,65.79,64.92,65.22,74983,2020,1,20
2020-01-21,65.26,65.35,64.06,64.49,143190,2020,1,21
2020-01-22,64.57,64.58,62.62,62.66,167880,2020,1,22
2020-01-23,62.68,62.69,61.25,62.07,186674,2020,1,23
2020-01-24,62.01,62.46,60.25,60.65,147861,2020,1,24
2020-01-26,60.16,60.16,57.91,58.26,4725,2020,1,26
2020-01-27,58.3,59.01,57.74,58.15,133166,2020,1,27
2020-01-28,58.24,59.39,57.9,59.3,125427,2020,1,28
2020-01-29,59.02,59.84,58.38,58.68,168619,2020,1,29
2020-01-30,58.71,58.75,56.74,58.09,228830,2020,1,30
2020-01-31,58.2,58.58,55.93,56.66,260418,2020,1,31
2020-02-02,56.16,56.27,55.77,55.89,4640,2020,2,2
2020-02-03,55.9,56.77,54.08,54.2,265659,2020,2,3
2020-02-04,54.33,55.65,53.69,53.83,259434,2020,2,4
2020-02-05,54.05,56.46,54.05,55.58,251495,2020,2,5
2020-02-06,55.56,56.58,54.25,55.12,222097,2020,2,6
2020-02-07,55.14,55.4,54.21,54.5,170539,2020,2,7
2020-02-09,54.2,54.24,53.63,53.84,4406,2020,2,9
2020-02-10,53.83,54.71,53.11,53.4,175144,2020,2,10
2020-02-11,53.62,54.69,53.6,54.25,162349,2020,2,11
2020-02-12,54.41,56.36,54.39,56.36,194996,2020,2,12
2020-02-13,55.75,56.83,54.96,56.46,195007,2020,2,13
2020-02-14,56.41,57.53,56.15,57.24,153684,2020,2,14
2020-02-16,57.29,57.45,57.19,57.26,1131,2020,2,16
2020-02-17,57.25,57.7,56.83,57.54,68320,2020,2,17
2020-02-18,57.35,57.83,56.3,57.68,152038,2020,2,18
2020-02-19,57.6,59.4,57.51,59.34,145934,2020,2,19
2020-02-20,59.31,60.0,58.9,59.13,136294,2020,2,20
2020-02-21,59.0,59.25,57.73,58.36,148938,2020,2,21
2020-02-23,57.85,57.86,56.56,56.92,5709,2020,2,23
2020-02-24,56.93,57.21,55.13,56.21,139188,2020,2,24
2020-02-25,56.46,56.98,54.01,54.27,102404,2020,2,25
2020-02-26,54.41,54.78,52.39,52.86,211562,2020,2,26
2020-02-27,52.54,52.65,50.4,50.95,234562,2020,2,27
2020-02-28,51.08,51.14,48.94,50.09,245480,2020,2,28
2020-03-01,48.95,49.51,48.4,49.37,5195,2020,3,1
2020-03-02,49.39,53.2,49.32,53.06,232860,2020,3,2
2020-03-03,53.47,53.87,51.22,51.6,185851,2020,3,3
2020-03-04,52.11,53.03,51.04,51.51,201074,2020,3,4
2020-03-05,51.66,52.04,49.7,50.18,217736,2020,3,5
